اسم المرض,التعريف,الانواع,الأعراض,الأسباب,طرق العلاج,الأدوية المرتبطة,طرق الوقاية,الاشخاص الاكثر عرضه
السكري,اضطراب مزمن يؤثر على قدرة الجسم على إنتاج الأنسولين أو استخدامه بكفاءة,_____,العطش الشديد- الجوع- فقدان الوزن- التعب,وراثي- سوء تغذية- مقاومة الأنسولين,حقن الأنسولين- أدوية تنظيم السكر- تغيير نمط الحياة,ميتفورمين- إنسولين- جلوكوفاج,نظام غذائي- ممارسة الرياضة- مراقبة السكر,الأشخاص الذين لديهم تاريخ عائلي مع المرض- المصابون بالسمنة
الإنفلونزا,عدوى فيروسية تصيب الجهاز التنفسي العلوي,---,الحمى- السعال- احتقان الأنف- آلام الجسم,عدوى فيروسية (فيروس الإنفلونزا),الراحة- تناول السوائل- أدوية خافضة للحرارة,باراسيتامول- إيبوبروفين- مضادات الفيروسات,التعليم- غسل اليدين- تجنب المصابين,كبار السن- المصابون بأمراض مناعية
ارتفاع ضغط الدم,ارتفاع مستمر في ضغط الدم عن المعدل الطبيعي,_____,الصداع- الدوخة- عدم وضوح الرؤية- ألم في الصدر,التوتر- نظام غذائي غير صحي- قلة النشاط البدني,تقليل الملح- ممارسة الرياضة- تناول طعام صحي,أملوديبين- لوسارتان- إنالابريل,تجنب الملح- تجنب الدهون,كبار السن- المدخنون- المصابون بالسمنة
الربو,مرض تنفسي مزمن يسبب تضيق الشعب الهوائية,التحسسي- المهني,ضيق التنفس- السعال- الصفير أثناء التنفس,التهابات الجهاز التنفسي- الحساسية- التدخين,بخاخات موسعة للشعب- تجنب المهيجات- الأكسجين,سالبيوتامول- فلوتيكاسون- بوديزونيد,تجنب التدخين- تجنب المحفزات,الأطفال- الأشخاص الذين لديهم حساسية
فقر الدم,حالة تؤدي إلى نقص خلايا الدم الحمراء أو الهيموغلوبين,نقص الحديد - نقص الفيتامينات - الأنيميا المنجلية,الإرهاق - شحوب البشرة - ضيق التنفس - الدوخة,نقص الحديد - نقص الفيتامينات - أمراض مزمنة,تناول مكملات الحديد - تحسين التغذية - نقل الدم,فيروز - فيتامين ب12 - حمض الفوليك,تناول طعام غني بالحديد - مكملات غذائية - تجنب الأطعمة التي تعيق امتصاص الحديد,النساء الحوامل - الأطفال - كبار السن - المصابون بأمراض مزمنة
متلازمة الامعاء القصيرة,متلازمة الأمعاء القصيرة Short Bowel Syndrome هي مشكلة في الأمعاء الدقيقة حيث لا تستطيع امتصاص العناصر الغذائية مثل الفيتامينات والمعادن والبروتينات والدهون والسوائل الكافية لحاجة الجسم كي يقوم بوظائفه,استئصال اللفائفي - استئصال الصائم، استئصال القولون - المتلازمة الكاملة,يعد الإسهال أكثر الأعراض شيوعًا  - فقدان الوزن - الضعف والشعور بالإرهاق - تقلصات البطن والغازات - تورم القدمين - الشعور بالغثيان والقيء – الحموضة - أعراض نقص امتصاص بعض المعادن أو الفيتامينات مثل (جفاف الجلد - وفقدان الكتلة العضلية) - مشكلات الإبصار بسبب نقص فيتامين أ - التشنجات وعدم انتظام ضربات القلب بسبب نقص فيتامين ب - تقلصات عضلية وهشاشة العظام بسبب نقص فتامين د. - شحوب الجلد وعدم القدرة على التفكير وضيق التنفس بسبب نقص الحديد - فقدان الشعر والطفح الجلدي بسبب نقص الزنك,يرجع سبب متلازمة الأمعاء القصيرة (من اسمها) إلى قصر الأمعاء - اسباب وراثيه ولادة الطفل بأمعاء قصيرة غير مكتملة  - الخضوع لعمليات جراحية لعلاج أمراض مثل الالتهاب المعوي القولوني الناخر - فقدان تدفق الدم إلى الأمعاء بسبب الانسداد المعوي,تغيير العادات الغذائية: الحفاظ على الوجبات في مواعيدها اليومية وتناولها بانتظام - الإكثار من شرب السوائل والحرص على شربها بين الوجبات وليس في أثناء تناولها - تجنب الأطعمة المسببة للإسهال مثل الأطعمة الغنية بالألياف أو السكريات أو الأطعمة الدهني  الجراحة: جراحة لتجنب الانسداد المعوي - تضييق أي موضع متوسع غير طبيعي في الأمعاء -  زيادة مدة بقاء الطعام في الأمعاء - إطالة الأمعاء,لوبيراميد - مكملات الفيتامينات - محاليل الإماهة,تجنب العمليات الجراحية غير الضرورية - تحسين صحة الأمعاء قبل الجراحة,"عادة ما تكون عند الأطفال.
أو مكتسبة نتيجة مرض ما أو عملية جراحية لإزالة جزء من الأمعاء."
التهاب الكبد,التهاب الكبد Hepatitis هو مصطلح يتم استخدامه لوصف التهابات الكبد باختلاف أنواعها سواء كانت ناتجة عن التهابات فيروسية أو كانت ناتجة عن حدوث تلف في الكبد نتيجة لأسباب أخرى,التهاب الكبد فيروس أ – التهاب - الكبد فيروس ب - التهاب الكبد - فيروس سي - التهاب الكبد المناعي - التهاب الكبد الكحولي - التهاب الكبد الوبائي,الإصابة بالحمى - الشعور بآلام في العضلات والمفاصل - حالة من الإعياء والتعب والإرهاق - ألم في البطن خاصةً في الجزء العلوي من الجهة اليمنى - تورم البطن وانتفاخها - تغير في لون البول والبراز عن اللون الطبيعي - الإصابة بمرض اليرقان والذي يؤدي إلى تلون الجلد وبياض العين باللون الأصفر,لحدوث الالتهاب سواء الإصابة كانت ناتجة عن الإصابة بفيروس A أو B أو C أو D أو E - تناول الكحوليات بغزارة والذي يؤدي إلى الإصابة بالتهاب الكبد الكحولي - بعض العناصر مثل السموم والمواد الكيميائية - مهاجمة جهاز المناعة للجسم,"لا يوجد علاج واحد لجميع الأنواع، فكل نوع من هذه الأنواع يتم علاجه والتعامل معه بآلية معينة سواء كان حادًا أو مزمنًا، فالأنواع الحادة والفيروسية غالبًا لا تحتاج إلى علاج لأنه تختفي من تلقاء نفسها مع اتباع نمط حياة معين.
ينما هناك أنواع تحتاج إلى استخدام الأدوية بالتحديد الأنواع المزمنة، وقد تشمل بعض طرق العلاج الأخرى الخضوع لجراحة أو التوقف عن تناول الكحول خاصةً في حالة التهاب الكبد الكحولي، هذا بجانب القيام بعدد من الخطوات التي تساعد في منع تلف الكبد. وقد تحتاج بعض الأنواع إلى زراعة للكبد",باراسيتامول بحذر - أدوية دعم الكبد مثل السيليمارين,"التحفظ حيث يعتبر التهاب الكبد معدي في أغلب الأنواع، حيث أن فيروس أ من الأنواع المعدية وكذلك فيروس ب وفيروس سي.
في دراسة تم القيام بها وجد أن تناول العسل قد يكون مفيدًا في تخفيف أعراض التهاب الكبد أ لدى الأطفال المصابين به
وفي تجربة أخرى تم القيام بها وجد أن العسل قد يكون له دور في منع تلف الكبد الناتج عن مشاكل أخرى بعيدًا عن التهابات الكبد مثل انسداد القناة الصفراوية، حيث يمنع تلف الكبد ويحمي منه في هذه الحالة.
وبالرغم من هذا لا توجد دراسات مؤكدة تؤكد أن العسل علاج فعال لعلاج التهابات الكبد المختلفة
",الأشخاص الذين يتعرضون لدم ملوث - مدمنو الكحول - المصابون بأمراض مناعية
تسمم السمك,تسمم السمك Fish poisoning هو أحد أنواع التسمم الذي ينتج عن تناول الأسماك وله عدة أنواع،,التسمم بالأسماك المدارية - تسمم الهيستامين - تسمم التترودوتوكسين -تسمم المحار,"تختلف الأعراض باختلاف نوع التسمم ولكن يمكن أن تكون أعراض تسمم السمك كالتالي:
 أعراض تسمم الأسماك المدارية
 وهو من الأنواع التي تظهر أعراض التسمم الخاصة بها بعد وقت قليل من تناولها قد تظهر الأعراض بعد ساعة وحتى 24 ساعة ويمكن أن يشعر الشخص بالتالي: 
آلام البطن والمعدة التي تكون مصحوبة بالإسهال. الغثيان والقيء.
 الشعور بالإرهاق مع الصداع والإغماء.
 ظهور وخز في المنطقة المحيطة بالفم وكذلك في أطراف الأصابع. 
آلام العضلات وكذلك آلام المفاصل. 
انشار الشعور بالحرقان عند ملامسة المياه الباردة. 
الحكة الشديدة.
 التعرض للغيبوبة في بعض الحالات. 
احتمالية الإصابة باضطراب ضربات القلب وانخفاض ضغط الدم. 
وقد تستمر أعراض هذا النوع من التسمم لعدة أيام بل وقد يمتد تأثيرها في بعض الحالات إلى 4 أسابيع.
 أعراض تسمم الهيستامين
 إن أعراض هذا النوع من التسمم قد تتشابه بصورة كبيرة مع أعراض الحساسية وقد تظهر أعراضه في فترة لا تتجاوز دقائق أو ساعات من تناول الأسماك المسممة به 
وقد يؤدي حدوث هذا التسمم إلى: الطفح الجلدي مع احمرار في الوجه والذي قد يمتد أحيانًا للرقبة والذراعين.
 الإصابة بالإسهال. احتمالية الإصابة بالتعرق والقيء في بعض الحالات. 
الإصابة بالصداع وتورم الفم. صعوبات البلع. خفقان القلب المصحوب بالدوخة.
 تستمر أعراض هذا النوع من التسمم في الغالب بفترة تصل إلى 12 ساعة تقريبًا
أعراض تسمم التترودوتوكسين 
يمكن أن يتسبب تسمم الأسماك المنتفخة في ظهور أعراض بعد 20 دقيقة إلى 3 ساعات من تناول السمك ويؤدي إلى ظهور أعراض مثل:
الشعور بخدر في أماكن مختلفة من الجسم بالتحديد في الشفتين واللسان والوجه. 
الشعور بمشاكل في الجهاز الهضمي كآلام البطن والإسهال.
الصداع مع الشعور بالغثيان والقيء. التأتأة عند التحدث.
التأثير على العضلات بحيث يصبح الشخص غير قادر على المشي بسهولة.
 مشاكل في الدماغ. مشاكل في التنفس مع اضطراب شديد في ضربات القلب مع نوبات صرع. 
هذا النوع من التسمم يمكن أن يكون مميتًا في حالة لم يتم التعرف عليه والتعامل معه، فقد يتعرض الشخص للوفاة في مدة ما بين 4 إلى 6 ساعات من حدوثه. 
أعراض تسمم المحار
 تختلف أعراض هذا النوع من التسمم بشدة عن بقية الأنواع الأخرى وتحدث غالبًا خلال دقائق إلى ساعات من تناول المحار
ويمكن أن يحدث على شكل تسمم بالكالسيتين المحاري أو قد يحدث التسمم المحاري للأعصاب أو قد يكون على شكل تسمم محاري يؤثر على الذاكرة وبالتالي قد يعاني الشخص من أعراض مثل:
في حالة تسمم الكالستين المحاري قد تستمر الأعراض لعدة أيام في الحالات الشديدة قد يعاني الشخص من عدم القدرة على الكلام وصعوبات البلع وصعوبة في الحركة وصعوبة في التنفس. 
في حالة التسمم المحاري للأعصاب وهنا تكون أعراضه مشابهة لأعراض التسمم الناتج عن الأسماك المدراية ولكنها أقل حدة منها. 
في حالة التسمم المحاري الذي يؤثر على الذكرة  يكون هذا النوع تأثيره أكبر على الجهاز العصبي، حيث يسبب حالة من الارتباك وفقدان الذاكرة وغيبوبة في بعض الحالات بجانب آلام الجهاز الهضمي كآلام البطن والقيء.
",تناول أسماك تحتوي على سموم طبيعية بسبب تلوثها بالطحالب السامة أو تحلل الهيستامين في الأسماك الفاسدة,علاجه عن طريق تناول مضادات الهيستامين مثل دواء ديفينهيدرامين ودواء سيميتيدين - تسمم التترودوتوكسين: علاج يهدف العلاج إلى تخفيف امتصاص الجسم لهذا السم ومحاولة تخفيف الأعراض مع التعامل مع المضاعفات الشديدة التي قد تنتج عنه والتي قد تكون مهددة للشخص المصاب به وحتى الآن لم يتم إيجاد مضاد للسموم من هذا النوع - تسمم المحار: يعتمد علاج تسمم المحار على عدة عوامل منها قوة السم وقدرة الشخص على التعامل مع الأدوية وكذلك التاريخ المرضي للشخص,ديفينهيدرامين - أوندانسيترون - محاليل الإماهة ,تجنب تناول الأسماك الكبيرة من المياه الدافئة - التأكد من حفظ الأسماك بطريقة صحيحة,السياح في المناطق الاستوائية - محبو المأكولات البحرية
التهاب المفاصل,مرض يسبب التهابات وتيبس في المفاصل,الروماتويدي- هشاشة العظام- النقرس,ألم المفاصل- التورم- التعب- فقدان الحركة,وراثي- السمنة- الإجهاد المتكرر على المفاصل,أدوية مضادة للالتهاب- علاج طبيعي- جراحة,ايبوبروفين- كورتيزون- ميثوتريكسات,ممارسة التمارين- الحفاظ على الوزن- تجنب الإجهاد المفرط,كبار السن- المصابون بالسمنه - الذين لديهم تاريخ عائلي
الزهايمر,اضطراب عصبي تدريجي يسبب فقدان الذاكرة والتفكير,المبكر- المتأخر- الوراثي,فقدان الذاكرة- ضعف التركيز- صعوبة في التحدث,وراثي- تراكم بروتينات غير طبيعية في الدماغ,أدوية تحسن الذاكرة- دعم نفسي- تمارين ذهنية,دونيبيزيل- ميمانتين- ريفاستيجمين,الحفاظ على العقل نشطًا- نظام غذائي صحي- تجنب التدخين,كبار السن- الأشخاص الذين لديهم تاريخ عائلي
التهاب الكبد الفيروسي,التهاب في الكبد بسبب عدوى فيروسية,A - B - C - D - E,الغثيان- إجهاد- اصفرار الجلد- البول الداكن,انتقال العدوى عبر الدم- الطعام- الملوثات - العلاقات الجنسية,أدوية مضادة للفيروسات- زراعة الكبد (في الحالات الشديدة),إينتيرفيرون- لاميفودين- ريبافيرين,التطعيم - النظاقه الشخصيه- تجنب مشاركة الإبر,متعاطو المخدرات بالحقن - المصابون بأمراض مناعية
الصدفية,مرض جلدي مزمن يسبب تراكم خلايا الجلد بشكل غير طبيعي,الصدفية اللويحية- القطرية- العكسية- المحمرة,بقع حمراء على الجلد- قشور بيضاء- حكة- تشقق الجلد,اضطراب مناعي ذاتي- عوامل وراثية- التوتر,مراهم موضعية- العلاج الضوئي- أدوية مناعية,كورتيكوستيرويدات - سيكلوسبورين - ميثوتريكسات,تجنب التوتر- ترطيب البشرة- تجنب المحفزات الجلدية,الأشخاص الذين لديهم تاريخ عائلي - مرضى المناعة الذاتية
متلازمة القولون العصبي,اضطراب وظيفي في الجهاز الهضمي يسبب مشاكل في حركة الأمعاء,الإسهالي - الإمساكي - المختلط,ألم بطني - انتفاخ - إسهال أو إمساك متكرر,التوتر - الطعام الدهني - اضطرابات الأمعاء,أدوية مهدئة للأمعاء - تنظيم الطعام - تجنب التوتر,ميبفرين - لوبيراميد - بروبيوتيك,تناول ألياف صحية - تجنب الكافيين - ممارسة الرياضة,الأشخاص الذين يعانون من القلق والتوتر - مرضى الأمعاء الحساسة
الصداع,ألم في الرأس قد يكون نابضًا أو ضاغطًا,التوتري - النصفي - العنقودي,ألم في مقدمة أو جوانب الرأس - حساسية للضوء والصوت,التوتر - قلة النوم - الجفاف - الإجهاد,الراحة - شرب الماء - تقليل التعرض للضوء,باراسيتامول - إيبوبروفين - أسبرين,شرب الماء - النوم الجيد - تقليل التوتر,الأشخاص الذين يعانون من التوتر - المصابون بإجهاد عضلي
الحموضة المعوية,إحساس بالحرقان في الصدر بسبب ارتجاع الحمض,حموضة مؤقتة - ارتجاع مزمن,حرقان في الصدر - طعم مر في الفم - غثيان,الأطعمة الدهنية أو الحارة - التدخين - الكافيين,تناول مضادات الحموضة - تجنب الطعام المهيج,رانيتيدين - أوميبرازول - جافيسكون,تجنب الأطعمة الدهنية - تناول وجبات صغيرة,المصابون بارتجاع المريء - النساء الحوامل
نزلات البرد,عدوى فيروسية تصيب الجهاز التنفسي العلوي,الفيروسية - البكتيرية,العطس - سيلان الأنف - التهاب الحلق - سعال,التعرض للفيروسات - ضعف المناعة,الراحة - شرب السوائل - أدوية لتخفيف الأعراض,بانادول كولد آند فلو، سودوإيفيدرين,غسل اليدين - تجنب المصابين - تقوية المناعة,الأطفال، -كبار السن - المصابون بضعف المناعة
السعال,رد فعل طبيعي لإزالة البلغم أو المهيجات,جاف - رطب (مع بلغم),سعال مستمر - التهاب الحلق - بحة الصوت,التهابات الجهاز التنفسي - الحساسية,مهدئات السعال - المشروبات الدافئة,ديكستروميثورفان - غايفينيسين,تجنب التدخين - شرب السوائل الدافئة,المدخنون - المصابون بالحساسية
الإمساك,صعوبة في التبرز أو قلة عدد مرات التبرز,الحاد - المزمن,انتفاخ البطن - جفاف البراز - ألم أثناء التبرز,نقص الألياف - قلة شرب الماء، قلة النشاط البدني,تناول ملينات - زيادة الألياف في الغذاء,بيكوسلفات الصوديوم - لاكتولوز,شرب الماء، تناول الألياف - المشي يوميًا,كبار السن - قليلو الحركة - مرضى القولون
الإسهال,زيادة في عدد مرات التبرز مع تغير في القوام,الحاد - المزمن,براز مائي - تقلصات البطن - غثيان,عدوى فيروسية - حساسية الطعام - القلق,أدوية مضادة للإسهال - محاليل تعويض السوائل,لوبيراميد (إيموديوم) - ORS,غسل اليدين - تجنب الأطعمة الملوثة,الأطفال - المسافرون - المصابون بضعف المناعة
الحساسية الموسمية,رد فعل مناعي مفرط تجاه مواد غير ضارة,الربيعية - الخريفية,العطس - حكة في العيون - سيلان الأنف,حبوب اللقاح - الغبار - وبر الحيوانات,مضادات الهيستامين - بخاخات الأنف,لوراتادين - سيتريزين -فيكسوفينادين,تجنب التعرض للمثيرات - استخدام فلتر للهواء,مرضى الربو - أصحاب الحساسية الوراثية
الحمى,ارتفاع درجة حرارة الجسم استجابة للعدوى,حمى فيروسية - حمى بكتيرية,ارتفاع الحرارة - قشعريرة - تعرق,العدوى الفيروسية أو البكتيرية - الالتهابات,خافضات الحرارة - شرب السوائل,باراسيتامول - إيبوبروفين,الراحة - تجنب العدوى - تناول التطعيمات,الأطفال - المصابون بعدوى فيروسية
آلام العضلات والمفاصل,انزعاج أو تيبس في العضلات والمفاصل,شد عضلي- التهاب مفاصل,ألم موضعي- تشنجات عضلية- تصلب,الإجهاد العضلي- الإصابات,تمارين الإطالة- استخدام مسكنات موضعية,ديكلوفيناك جل- إيبوبروفين,تمارين الإحماء- الراحة الكافية,الرياضيون- الأشخاص الجالسون لفترات طويلة
التهاب الحلق,تهيج أو ألم في الحلق يزداد عند البلع,الفيروسي- البكتيري,ألم الحلق- صعوبة البلع- بحة الصوت,العدوى الفيروسية- الحساسية,الغرغرة- استخدام المسكنات,أقراص الاستحلاب- سبراي الحلق,شرب السوائل الدافئة- غسل اليدين,الأطفال- المدخنون
جفاف العين,نقص إنتاج الدموع أو تبخرها بسرعة,متلازمة جفاف العين- التهيج التحسسي,احمرار- حرقان- تشوش الرؤية,استخدام الشاشات لفترات طويلة- التدخين,قطرات ترطيب العين- تجنب المهيجات,تيرز ناتشورال- هايلو كومود,تجنب التدخين- استخدام شاشة واقية,مستخدمو الكمبيوتر لفترات طويلة
الأرق وصعوبات النوم,صعوبة في النوم أو الاستمرار فيه,حاد- مزمن,صعوبة النوم- الاستيقاظ المتكرر- التعب,القلق- الكافيين- اضطرابات النوم,تقليل الكافيين- ضبط مواعيد النوم,ديفينهيدرامين- ميلاتونين,تجنب المنبهات- ضبط وقت النوم,الأشخاص الذين يعانون من القلق
حروق الشمس,تلف في الجلد بسبب التعرض المفرط لأشعة الشمس,خفيفة- متوسطة- شديدة,احمرار الجلد- تقشير- ألم- حكة,التعرض المباشر لأشعة الشمس لفترات طويلة بدون واقي,تبريد الجلد- استخدام مرطبات ومضادات الالتهاب,جل الألوفيرا- كريم الهيدروكورتيزون- بانثينول,استخدام واقي الشمس- تجنب الشمس في ساعات الذروة,الأشخاص ذوو البشرة الفاتحة- من يتعرضون للشمس لفترات طويلة
التهابات الأذن الخارجية (أذن السباح),التهاب يصيب قناة الأذن بسبب التعرض للماء,حادة- مزمنة,حكة في الأذن- إفرازات- ألم عند لمس الأذن,تراكم الماء في الأذن- العدوى البكتيرية- استخدام أدوات غير نظيفة,تنظيف الأذن- استخدام قطرات مضادة للالتهاب,قطرات الأذن الحمضية- مضادات الهيستامين,تجفيف الأذن بعد السباحة- تجنب إدخال أجسام غريبة,السباحون- الأشخاص الذين يستخدمون سماعات الأذن لفترات طويلة
قرحة الفم,تقرحات صغيرة مؤلمة تظهر داخل الفم,القلاعية الصغرى- القلاعية الكبرى- الهربسية الشكل,ألم عند الأكل- بقع بيضاء أو حمراء داخل الفم,نقص الفيتامينات- التوتر- إصابات الفم,استخدام جل موضعي- تجنب الأطعمة الحارة,جل البنزوكاين- غسول الفم المضاد للبكتيريا,تجنب العض على اللسان- تقليل التوتر,الأشخاص الذين يعانون من نقص فيتامين B12- مرضى التوتر
جفاف الشفاه,تشقق وجفاف الشفاه بسبب فقدان الرطوبة,حاد- مزمن,تشقق الشفاه- احمرار- تقشر الجلد,الطقس البارد- نقص الماء- التعرض للشمس,استخدام مرطبات الشفاه- زيادة شرب الماء,بلسم الشفاه بالفازلين- زبدة الكاكاو,شرب الماء- استخدام مرطبات الشفاه بانتظام,الأشخاص الذين يتعرضون للبرد- من لا يشربون الماء بكفاية
احتقان الأنف,انسداد مجرى الأنف بسبب التهاب الأنسجة,التهاب فيروسي- تحسسي- بكتيري,صعوبة في التنفس- زيادة إفرازات الأنف- صداع,البرد- الحساسية- التهابات الجهاز التنفسي,استخدام بخاخات الأنف- مضادات الهيستامين,أوكسي ميتازولين (نازيفين)- فينيليفرين,تجنب المهيجات- تنظيف الأنف بمحلول ملحي,المصابون بالحساسية- الأطفال- المدخنون
الدوار البسيط,إحساس بالدوخة وعدم التوازن,دوار وضعي- دوار مركزي,فقدان التوازن- غثيان- رؤية غير واضحة,مشاكل الأذن الداخلية- انخفاض ضغط الدم,الراحة- شرب السوائل- أدوية تخفيف الدوار,ميكليزين- ديمينهيدرينات (درامامين),شرب السوائل- الوقوف ببطء عند الجلوس,كبار السن- الأشخاص الذين يعانون من انخفاض الضغط
جفاف الحلق,الشعور بخشونة وجفاف في الحلق بدون التهاب,بسبب الجفاف- الحساسية- التنفس عن طريق الفم,الشعور بالحكة- بحة الصوت- صعوبة في التحدث,قلة شرب الماء- التنفس من الفم أثناء النوم,شرب الماء- استخدام أقراص استحلاب لترطيب الحلق,أقراص المنثول- سبراي ترطيب الحلق,شرب السوائل- استخدام مرطب للهواء,الأشخاص الذين ينامون وأفواههم مفتوحة- المدخنون
انتفاخ البطن,تجمع الغازات في الجهاز الهضمي يسبب شعورًا بالامتلاء,مؤقت- مزمن,شعور بالضغط- تجشؤ متكرر- ألم خفيف في البطن,تناول أطعمة غنية بالألياف- ابتلاع الهواء أثناء الأكل,أدوية طاردة للغازات- تجنب المشروبات الغازية,سيميثيكون- الفحم النشط,تجنب الأكل السريع- تقليل استهلاك الألياف المفاجئ,الأشخاص الذين يتناولون الأطعمة الغنية بالألياف بكثرة
حكة الجلد,شعور مزعج يدفع الشخص إلى الحك,جلد جاف- تحسسي- نتيجة لدغات الحشرات,احمرار- جفاف- تقشر الجلد,الحساسية- لدغات الحشرات- الجفاف,استخدام كريمات مرطبة ومضادة للحكة,كريم الهيدروكورتيزون- لوراتادين,استخدام صابون مرطب- تجنب حك الجلد,الأشخاص ذوو البشرة الجافة- المصابون بالحساسية
دوالي الساقين الخفيفة,توسع الأوردة في الساقين نتيجة ضعف جدران الأوعية,دوالي سطحية- داخلية,انتفاخ الأوردة- ثقل في الساقين- حكة,الوقوف لفترات طويلة- ضعف الأوردة الوراثي,ارتداء الجوارب الضاغطة- رفع الساقين,كريمات مضادة للالتهاب- فينوتون,تجنب الوقوف الطويل- ممارسة التمارين,النساء- كبار السن- الأشخاص الذين يعانون من زيادة الوزن
التهاب المعدة,التهاب بطانة المعدة بسبب العدوى أو الأدوية,حاد- مزمن,ألم المعدة- غثيان- قيء- انتفاخ,العدوى البكتيرية (H. pylori)- استخدام المسكنات بكثرة,مضادات الحموضة- المضادات الحيوية عند الحاجة,أوميبرازول- رانيتيدين- مالوكس,تقليل التوتر- تجنب الأطعمة الحارة,المصابون بجرثومة المعدة- المستخدمون المفرطون للمسكنات
قرحة المعدة,جرح في بطانة المعدة نتيجة الأحماض الهضمية,بسيطة- نزيفية,ألم البطن- حموضة- فقدان الشهية,بكتيريا H. pylori- التدخين- الإفراط في المسكنات,مثبطات الأحماض- مضادات البكتيريا,أوميبرازول- بيزموث سبساليسيلات,تجنب التدخين- الحد من الكافيين,المدخنون- المصابون بجرثومة المعدة
الإمساك المزمن,صعوبة مستمرة في التبرز,وظيفي- عضوي,انتفاخ البطن- جفاف البراز- ألم أثناء التبرز,قلة الألياف- الجفاف- نقص النشاط البدني,ملينات- تحسين العادات الغذائية,بيكوسلفات الصوديوم- لاكتولوز,شرب الماء- ممارسة الرياضة,كبار السن- قليلو الحركة
الإسهال المزمن,زيادة مستمرة في عدد مرات التبرز,التهابي- دهني- وظيفي,براز مائي- تقلصات- فقدان الوزن,حساسية الطعام- أمراض الجهاز الهضمي,أدوية تقليل حركة الأمعاء- تعديل النظام الغذائي,لوبيراميد- أكياس ORS,تجنب الأطعمة المسببة- شرب الماء النظيف,المصابون بأمراض الجهاز الهضمي
التهاب الشعب الهوائية,التهاب في الممرات الهوائية للرئة,حاد- مزمن,سعال مستمر- ضيق تنفس- بلغم,التدخين- العدوى الفيروسية- الملوثات,موسعات الشعب- مضادات الالتهاب,سالبيوتامول- برومهيكسين,تجنب التدخين- استخدام كمامات الهواء,المدخنون- المصابون بالحساسية
متلازمة التعب المزمن,اضطراب يسبب إرهاقًا مستمرًا بدون سبب طبي واضح,مجهول السبب,تعب دائم- ضعف الذاكرة- ألم عضلي,عوامل مناعية- عدوى فيروسية محتملة,تمارين خفيفة- تنظيم النوم,مكملات فيتامين ب12- مضادات الاكتئاب,تنظيم النوم- ممارسة الرياضة الخفيفة,الأشخاص الذين يعانون من اضطرابات مناعية
التهاب العيون التحسسي,التهاب بسبب رد فعل تحسسي تجاه مهيجات,موسمي- دائم,احمرار- حكة- تدميع,الغبار- حبوب اللقاح- وبر الحيوانات,مضادات الهيستامين- قطرات مرطبة,قطرات أولوباتادين- فيكسوفينادين,تجنب المهيجات- استخدام النظارات الواقية,المصابون بالحساسية الموسمية
حب الشباب,اضطراب جلدي شائع بسبب انسداد بصيلات الشعر,خفيف- متوسط- شديد,بثور- رؤوس سوداء- التهابات جلدية,فرط إنتاج الدهون- التغيرات الهرمونية,كريمات موضعية- أدوية مضادة للالتهاب,بنزويل بيروكسيد- حمض الساليسيليك,تنظيف البشرة- تجنب المنتجات الدهنية,المراهقون- الأشخاص ذوو البشرة الدهنية
التهاب الجيوب الأنفية,التهاب في التجاويف حول الأنف,حاد- مزمن,احتقان- صداع- ألم في الوجه,العدوى الفيروسية- الحساسية- الملوثات,بخاخات الأنف- مضادات الالتهاب,أوكسي ميتازولين- لوراتادين,تجنب التدخين- تنظيف الأنف بمحلول ملحي,المصابون بالحساسية- المدخنون
الصداع النصفي,نوع من الصداع يسبب نوبات ألم شديدة,مع هالة- بدون هالة,ألم نابض- غثيان- حساسية للضوء,التوتر- الوراثة- تغيرات هرمونية,مسكنات الألم- تقنيات الاسترخاء,إيبوبروفين- باراسيتامول,تنظيم النوم- تجنب المحفزات,النساء- الأشخاص الذين يعانون من الإجهاد
متلازمة القولون العصبي,اضطراب وظيفي في الجهاز الهضمي يسبب مشاكل في حركة الأمعاء,الإسهالي- الإمساكي- المختلط,ألم بطني- انتفاخ- تغيرات في البراز,التوتر- الطعام الدهني- اضطرابات الأمعاء,أدوية مهدئة للأمعاء- تنظيم الطعام,ميبفرين- لوبيراميد,تناول ألياف صحية- تجنب الكافيين,الأشخاص الذين يعانون من القلق والتوتر
الدوخة (الدوار البسيط),إحساس بعدم التوازن وفقدان الاتجاه,دوار وضعي- دوار مركزي,فقدان التوازن- غثيان- رؤية غير واضحة,مشاكل الأذن الداخلية- انخفاض ضغط الدم,الراحة- شرب السوائل,ميكليزين- ديمينهيدرينات,تجنب الوقوف السريع- شرب السوائل,كبار السن- الأشخاص المصابون بانخفاض الضغط
فقر الدم بنقص الحديد,انخفاض عدد خلايا الدم الحمراء بسبب نقص الحديد,حاد- مزمن,إرهاق- شحوب البشرة- ضيق التنفس,سوء التغذية- فقدان الدم- الحمل,مكملات الحديد- تحسين التغذية,فيروز- فيتامين ب12,تناول طعام غني بالحديد- تجنب الكافيين بعد الأكل,النساء الحوامل- الأطفال- كبار السن
جفاف العين,نقص إنتاج الدموع أو تبخرها بسرعة,متلازمة جفاف العين- التهيج التحسسي,احمرار العين- الشعور بالحرقان- تشوش الرؤية,استخدام الشاشات لفترات طويلة- التدخين,قطرات ترطيب العين,تيرز ناتشورال- هايلو كومود,تقليل استخدام الشاشات- شرب الماء,مستخدمو الكمبيوتر لفترات طويلة
الأرق وصعوبات النوم,صعوبة في النوم أو الاستمرار فيه,حاد- مزمن,صعوبة النوم- الاستيقاظ المتكرر- التعب,التوتر- الكافيين- اضطرابات النوم,تقليل الكافيين- ضبط مواعيد النوم,ديفينهيدرامين- ميلاتونين,تجنب المنبهات- ضبط وقت النوم,الأشخاص الذين يعانون من القلق- العاملون بنوبات ليلية
التهاب الملتحمة (العين الوردية),التهاب في غشاء الملتحمة يؤدي إلى احمرار العين,فيروسي- بكتيري- تحسسي,احمرار العين- حكة- إفرازات,العدوى الفيروسية- الحساسية- البكتيريا,قطرات مرطبة- مضادات الهيستامين,قطرات تيرز ناتشورال- ليفوستين,تجنب لمس العين- غسل اليدين,الأطفال- مستخدمو العدسات اللاصقة
حرقة المعدة,إحساس بالحرقان في الصدر بسبب ارتجاع الحمض,خفيفة- مزمنة,حرقان في الصدر- طعم مر في الفم,تناول أطعمة دهنية- التدخين- الكافيين,مضادات الحموضة- تغيير نمط الحياة,جافيسكون- أوميبرازول,تجنب الأطعمة الدهنية- تناول وجبات صغيرة,الأشخاص الذين يعانون من ارتجاع المريء
دوالي الخصية,توسع الأوردة داخل كيس الصفن مما قد يؤثر على الخصوبة,خفيفة- متوسطة- شديدة,ألم في الخصية- تورم- ثقل في كيس الصفن,خلل في صمامات الأوردة,ارتداء داعم للخصيتين- الجراحة إذا لزم الأمر,لا يوجد أدوية OTC,تجنب الملابس الضيقة- الحفاظ على نشاط بدني صحي,الرجال في سن البلوغ والشباب
الحزام الناري,عدوى فيروسية تسبب طفحًا جلديًا مؤلمًا,موضعي- معمم,بثور مؤلمة- حكة- تنميل,فيروس جدري الماء (الهربس النطاقي),مضادات الفيروسات- مسكنات الألم,أسيتامينوفين- إيبوبروفين,أخذ لقاح جدري الماء- تجنب التوتر,كبار السن- ضعيفو المناعة
التهاب الحلق الفيروسي,التهاب في الحلق بسبب الفيروسات,حاد- مزمن,ألم في الحلق- صعوبة البلع- بحة الصوت,العدوى الفيروسية- التغيرات الموسمية,مسكنات الألم- الغرغرة بالماء الدافئ,أقراص الاستحلاب- سبراي الحلق,غسل اليدين- تجنب الأماكن المزدحمة,الأطفال- المصابون بحساسية موسمية
التواء الكاحل,إصابة في أربطة الكاحل نتيجة تحركه بطريقة خاطئة,خفيف- متوسط- شديد,ألم وتورم في الكاحل- صعوبة المشي,السقوط- المشي على سطح غير مستوٍ,الراحة- تطبيق الثلج- رفع القدم,مسكنات الألم مثل إيبوبروفين,ممارسة تمارين تقوية الكاحل- ارتداء حذاء مناسب,الرياضيون- الأشخاص الذين يمارسون أنشطة بدنية مكثفة
القمل,طفيليات صغيرة تصيب فروة الرأس,قمل الرأس- قمل الجسم- قمل العانة,حكة شديدة- رؤية القمل أو بيضه في الشعر,انتقال مباشر من شخص مصاب,استخدام شامبو مضاد للقمل- تمشيط الشعر بدقة,بيرميثرين- إيفرمكتين,غسل الملابس بالماء الساخن- تجنب مشاركة الأمشاط,الأطفال- طلاب المدارس
فطريات الأظافر,عدوى فطرية تصيب الأظافر مما يجعلها متغيرة اللون,سطحية- تحت الظفر,تغير لون الأظافر- تقصف- زيادة سماكة الظفر,الرطوبة- ضعف المناعة,مضادات الفطريات الموضعية,تيربينافين- كلوتريمازول,تجفيف القدمين جيدًا- استخدام الأحذية المفتوحة عند اللزوم,كبار السن- المصابون بداء السكري
متلازمة الأقدام الباردة,برودة دائمة في القدمين بسبب ضعف الدورة الدموية,دورية- مزمنة,برودة في الأطراف- تنميل- تغير لون الجلد,ضعف تدفق الدم- السكري- أمراض الأوعية الدموية,تدفئة القدمين- تحسين تدفق الدم,لا توجد أدوية OTC مباشرة,ارتداء جوارب دافئة- ممارسة الرياضة,مرضى السكري- المصابون بضعف الدورة الدموية
تقرحات الفراش,جروح تتكون بسبب الضغط المطول على الجلد,سطحية- عميقة,تقرحات في مناطق الضغط- تغير لون الجلد,الجلوس أو الاستلقاء لفترات طويلة,تغيير وضع الجسم بانتظام- العناية بالبشرة,كريمات الحماية- المطهرات الموضعية,تقليب المريض كل ساعتين- استخدام وسائد خاصة,كبار السن- المرضى طويلي الفراش
الذبحة الصدرية,ألم في الصدر نتيجة نقص تدفق الدم للقلب,مستقرة- غير مستقرة- متغيرة,ألم ضاغط في الصدر- ضيق تنفس- تعرق,تصلب الشرايين- ارتفاع ضغط الدم,موسعات الأوعية الدموية- تخفيف الضغط النفسي,نيتروجليسرين (وصفة طبية),ممارسة الرياضة- تقليل الكوليسترول,مرضى القلب- المدخنون
التهاب المثانة,التهاب في جدار المثانة يسبب ألماً أثناء التبول,بكتيري- غير بكتيري,حرقة أثناء التبول- تكرار الحاجة للتبول,عدوى بكتيرية- تهيج كيميائي,مضادات الالتهاب- شرب الماء بكثرة,فينازوبيريدين (مسكن بولي),النظافة الشخصية- شرب الماء,النساء- المصابون بالتهابات متكررة
تمزق العضلات,تلف في ألياف العضلة بسبب إجهاد زائد,خفيف- متوسط- شديد,ألم شديد- انتفاخ- ضعف في العضلة,الإفراط في التمارين- الحركات المفاجئة,الراحة- العلاج الطبيعي- مضادات الالتهاب,إيبوبروفين- كريمات موضعية,التحمية قبل التمارين- تجنب الإجهاد الزائد,الرياضيون- الأشخاص قليلو التمارين
التهاب البنكرياس,التهاب يصيب البنكرياس نتيجة نشاط إنزيماته,حاد- مزمن,ألم شديد في البطن- غثيان- قيء,تناول الكحول- ارتفاع الدهون الثلاثية,السوائل الوريدية- المسكنات- تعديل الغذاء,لا توجد أدوية OTC مباشرة,تقليل الدهون- تجنب الكحول,المصابون بأمراض الكبد- المدمنون على الكحول
الكدمات,نزيف تحت الجلد نتيجة ضربة أو إصابة,سطحية- عميقة,تغير لون الجلد- ألم موضعي,الصدمات- ضعف الأوعية الدموية,وضع الثلج- رفع المنطقة المصابة,جل الأرنكا- كريم الهيبارين,الحذر أثناء الأنشطة البدنية,الرياضيون- كبار السن
التهاب الحنجرة,التهاب في الأحبال الصوتية يسبب بحة الصوت,حاد- مزمن,بحة الصوت- التهاب الحلق- سعال جاف,الاستخدام المفرط للصوت- العدوى الفيروسية,الراحة الصوتية- البخار- المسكنات,أقراص الاستحلاب- سبراي الحلق,تجنب الصراخ- شرب الماء بكثرة,المعلمون- المغنون- المدخنون
حمو النيل (الطفح الحراري),تهيج جلدي بسبب التعرق المفرط,حطاطي- بلوري- عميق,حكة- احمرار- بثور صغيرة,التعرض للحرارة- الملابس الضيقة,ترطيب الجلد- تبريد الجسم,بودرة التلك- كريمات التبريد,ارتداء ملابس قطنية- تهوية الجسم,الأطفال- الأشخاص في الطقس الحار
الرؤوس السوداء,انسداد مسام البشرة بخلايا الجلد الميتة والزيوت,مفتوحة- مغلقة,نقاط سوداء على الأنف والجبهة,إنتاج زائد للدهون- عدم تنظيف البشرة,تنظيف البشرة- التقشير الكيميائي,حمض الساليسيليك- البنزويل بيروكسيد,تنظيف الوجه بانتظام- تجنب الزيوت,المراهقون- أصحاب البشرة الدهنية
الإكزيما الدهنية,اضطراب جلدي يسبب احمرارًا وتقشرًا,فروة الرأس- الوجه- الجسم,قشرة دهنية- حكة- احمرار,فطريات الجلد- التوتر- عوامل وراثية,شامبوهات مضادة للفطريات- كريمات مرطبة,كيتوكونازول- زنك بيريثيون,تقليل التوتر- استخدام مرطبات البشرة,أصحاب البشرة الدهنية- مرضى التوتر المزمن
التهاب الأوتار,التهاب يصيب الأوتار العضلية بسبب الإجهاد المتكرر,الكتف- الركبة- المعصم,ألم عند الحركة- تيبس المفصل,الحركات المتكررة- قلة التمدد العضلي,العلاج الطبيعي- مضادات الالتهاب,إيبوبروفين جل- كريم ديكلوفيناك,تمارين التمدد- تجنب الحركات المتكررة,الرياضيون- العمال اليدويون
النزيف الأنفي,فقدان الدم من الأوعية الدموية داخل الأنف,أمامي- خلفي,نزيف مفاجئ- صعوبة في إيقاف النزيف,جفاف الأنف- ارتفاع ضغط الدم,وضع الرأس للأمام- الضغط على الأنف,بخاخ ترطيب الأنف,تجنب العبث بالأنف- الحفاظ على ترطيب الجو,الأطفال- مرضى ارتفاع الضغط
متلازمة النفق الرسغي,ضغط على العصب الوسطي في المعصم بسبب تكرار الحركات,خفيف- متوسط- شديد,تنميل- ألم في اليد- ضعف في القبضة,استخدام اليد المفرط- التهابات المفاصل,الجبائر- تمارين اليد- جراحة إذا لزم الأمر,فيتامين B6- مسكنات موضعية,استخدام وضعيات صحيحة- تقليل الضغط على اليد,مستخدمو الكمبيوتر لفترات طويلة
الكلف,تصبغات جلدية زائدة بسبب اضطراب صبغي,سطحي- عميق,بقع داكنة على الوجه- تفاوت لون البشرة,التعرض للشمس- الحمل- العوامل الوراثية,كريمات تفتيح البشرة- التقشير الكيميائي,الهيدروكينون- فيتامين C,استخدام واقي الشمس- تجنب التعرض للشمس,النساء الحوامل- أصحاب البشرة الداكنة
ضعف النظر الليلي,صعوبة في الرؤية في الإضاءة المنخفضة,وراثي- مكتسب,صعوبة التكيف مع الظلام- ضعف رؤية الألوان,نقص فيتامين A- أمراض الشبكية,مكملات فيتامين A- تحسين الإضاءة,فيتامين A- مكملات غذائية,تناول الأطعمة الغنية بفيتامين A,مرضى العيون- كبار السن
التهاب الأعصاب الطرفية,تلف في الأعصاب خارج الدماغ والحبل الشوكي,حسي- حركي- مختلط,تنميل- فقدان الإحساس- ضعف العضلات,السكري- نقص الفيتامينات- إصابات الأعصاب,مكملات فيتامين B12- العلاج الطبيعي,فيتامين B12- فيتامين B6,التحكم في مرض السكري- تناول غذاء متوازن,مرضى السكري- كبار السن
الشقيقة البطنية,نوع نادر من الصداع النصفي يؤثر على الجهاز الهضمي,مع هالة- بدون هالة,ألم بطني- غثيان- فقدان شهية,العوامل الوراثية- التوتر- تغيرات هرمونية,أدوية مضادة للصداع النصفي- تقليل التوتر,أملوديبين- باراسيتامول,تجنب المحفزات- النوم المنتظم,الأطفال- المراهقون
التهاب الشعب الهوائية,التهاب في الممرات الهوائية للرئة,حاد- مزمن,سعال مستمر- ضيق تنفس- بلغم,التدخين- العدوى الفيروسية- الملوثات,موسعات الشعب- مضادات الالتهاب,سالبيوتامول- برومهيكسين,تجنب التدخين- استخدام كمامات الهواء,المدخنون- المصابون بالحساسية
اليرقان,اصفرار الجلد والعينين بسبب زيادة البيليروبين,فسيولوجي- مرضي,اصفرار الجلد- بول داكن- تعب عام,أمراض الكبد- انسداد القنوات الصفراوية,علاج السبب الرئيسي- السوائل الوريدية,لا يوجد علاج OTC مباشر,تجنب الكحول- تطعيم التهاب الكبد,حديثو الولادة- المصابون بأمراض الكبد
الذئبة الحمراء,مرض مناعي ذاتي يهاجم الأنسجة السليمة,جهازية- جلدية- دوائية,طفح جلدي- تعب- آلام مفاصل,اضطراب في المناعة الذاتية,أدوية مثبطة للمناعة- مضادات الالتهاب,هيدروكسي كلوروكوين- كورتيكوستيرويدات,تجنب التعرض للشمس- تقليل التوتر,النساء- المصابون بأمراض مناعية
حمى البحر الأبيض المتوسط,اضطراب وراثي يسبب نوبات التهابية متكررة,خفيفة- شديدة,حمى متكررة- آلام في البطن والمفاصل,طفرة جينية تؤثر على الاستجابة المناعية,مضادات الالتهاب- الكولشيسين,كولشيسين- إيبوبروفين,الالتزام بالعلاج الوقائي- تجنب المحفزات,الأشخاص من أصول البحر الأبيض المتوسط
التهاب الكبد الفيروسي,عدوى فيروسية تصيب الكبد,A- B- C- D- E,غثيان- إرهاق- اصفرار الجلد,انتقال الفيروس عبر الدم أو الطعام الملوث,مضادات الفيروسات- الراحة- السوائل,إنترفيرون- لاميفودين,التطعيم- تجنب مشاركة الأدوات الشخصية,متعاطو المخدرات- المصابون بأمراض مناعية
تضخم البروستاتا الحميد,تضخم غير سرطاني في غدة البروستاتا,بسيط- متوسط- شديد,صعوبة التبول- تقطع البول- كثرة التبول الليلي,التقدم في العمر- التغيرات الهرمونية,أدوية مرخية للعضلات- جراحة في الحالات الشديدة,تامسولوسين- فيناسترايد,شرب الماء بانتظام- تجنب الكافيين,الرجال فوق سن 50
التهاب الكلية الحاد,التهاب مفاجئ في الكلى يؤثر على وظيفتها,بكتيري- مناعي,تورم الوجه- ارتفاع ضغط الدم- دم في البول,عدوى بكتيرية- أمراض مناعية,المضادات الحيوية- مدرات البول- الراحة,فوسفوميسين- أموكسيسيلين,شرب الماء- السيطرة على ضغط الدم,المصابون بأمراض الكلى المزمنة
تمزق الأربطة,إصابة تحدث عند تمدد الأربطة بشكل مفرط,خفيف- متوسط- شديد,ألم حاد- انتفاخ- عدم استقرار المفصل,الحركات المفاجئة- الحوادث الرياضية,الراحة- التثبيت- العلاج الطبيعي,كريم ديكلوفيناك- إيبوبروفين,تمارين الإحماء- تجنب الحركات العنيفة,الرياضيون- كبار السن
النكاف,عدوى فيروسية تصيب الغدد اللعابية,أحادي- ثنائي,تورم في الغدد اللعابية- حمى- صداع,فيروس النكاف- العدوى التنفسية,مسكنات الألم- الراحة- السوائل,باراسيتامول- إيبوبروفين,التطعيم- تجنب ملامسة المصابين,الأطفال غير المطعمين
الملاريا,عدوى طفيلية تنتقل عن طريق البعوض,حميدة- خبيثة,حمى مرتفعة- قشعريرة- تعرق,لسعات البعوض المصاب بطفيليات البلازموديوم,الأدوية المضادة للملاريا,كلوروكوين- أرتيميسينين,استخدام الناموسيات- مكافحة البعوض,سكان المناطق الاستوائية
الحصبة,مرض فيروسي شديد العدوى يصيب الجهاز التنفسي,تقليدية- مضاعفة,طفح جلدي- حمى- سعال,فيروس الحصبة- انتقال عبر الرذاذ,الراحة- السوائل- خافضات الحرارة,باراسيتامول- فيتامين أ,التطعيم- تجنب المصابين,الأطفال غير المطعمين
التهاب الأذن الداخلية,التهاب يسبب مشاكل في التوازن والسمع,بكتيري- فيروسي,دوخة- فقدان التوازن- طنين الأذن,العدوى الفيروسية- التهابات الجهاز التنفسي,أدوية مضادة للدوخة- مضادات الالتهاب,ميكليزين- بيتاهيستين,تجنب نزلات البرد- العناية بالأذن,كبار السن- مرضى التهابات الأذن المزمنة
التهاب الأوعية الدموية,التهاب في جدران الأوعية الدموية يؤثر على تدفق الدم,موضعي- جهازي,حمى- فقدان وزن- ضعف العضلات,اضطراب مناعي- عدوى بكتيرية أو فيروسية,مضادات الالتهاب- مثبطات المناعة,بريدنيزون- سيكلوفوسفاميد,متابعة الفحوصات الدورية- التحكم في ضغط الدم,مرضى المناعة الذاتية
النزيف المعوي,نزيف يحدث في الجهاز الهضمي,علوي- سفلي,براز أسود- قيء دموي- ضعف عام,قرحة المعدة- تمزق الأوعية الدموية,علاج السبب- نقل الدم عند الضرورة,مثبطات مضخة البروتون- حقن الإبينفرين,تجنب التدخين- تقليل تناول المسكنات,مرضى الجهاز الهضمي
متلازمة داون,اضطراب جيني ناتج عن وجود كروموسوم إضافي,بسيطة- معقدة,تأخر في النمو- ضعف العضلات- ملامح وجه مميزة,خلل جيني أثناء انقسام الخلايا,علاج داعم- تحسين جودة الحياة,لا يوجد أدوية مباشرة,الفحوصات الجينية أثناء الحمل,الأطفال حديثو الولادة المصابون
الروماتويد المفصلي,اضطراب مناعي يسبب التهاب المفاصل المزمن,نشط- خامد,تيبس المفاصل- ألم متكرر- انتفاخ,اضطراب مناعي ذاتي,أدوية مضادة للروماتيزم- مسكنات,ميثوتريكسات- إيبوبروفين,النشاط البدني المنتظم- تجنب التدخين,النساء- الأشخاص الذين لديهم تاريخ وراثي
تصلب الشرايين,تراكم الدهون في جدران الشرايين مما يؤدي لتضيقها,مبكر- متقدم,ألم في الصدر- ضيق تنفس- ضعف في الأطراف,ارتفاع الكوليسترول- التدخين- السمنة,أدوية خفض الكوليسترول- تغيير نمط الحياة,أتورفاستاتين- أسبرين,تقليل الدهون المشبعة- ممارسة الرياضة,مرضى السكري- المدخنون
التهاب الفقرات التصلبي,التهاب مزمن يصيب العمود الفقري,حاد- مزمن,تيبس الظهر- ألم في المفاصل- تعب عام,اضطراب مناعي ذاتي,العلاج الطبيعي- مضادات الالتهاب,إندوميثاسين- سلفاسالازين,تحسين وضعية الجلوس- ممارسة الرياضة,الرجال في سن الشباب
التهاب المريء,التهاب يصيب بطانة المريء نتيجة الارتجاع أو العدوى,ارتجاعي- دوائي- تحسسي,صعوبة البلع- حرقة في الصدر- قيء,ارتجاع حمضي- تناول أدوية مهيجة,مثبطات الأحماض- تجنب الأطعمة الحمضية,أوميبرازول- رانيتيدين,تجنب الكافيين- تناول وجبات خفيفة,مرضى ارتجاع المريء
التهاب البروستاتا,التهاب يصيب غدة البروستاتا نتيجة عدوى أو عوامل أخرى,حاد- مزمن,ألم في الحوض- صعوبة التبول- حمى,عدوى بكتيرية- اضطرابات هرمونية,المضادات الحيوية- مسكنات الألم,سيبروفلوكساسين- إيبوبروفين,شرب الماء بكثرة- ممارسة الرياضة,الرجال فوق سن 40
فقر الدم المنجلي,اضطراب وراثي يسبب تشوهًا في شكل خلايا الدم الحمراء,بسيط- شديد,إرهاق- ألم مفاصل- تورم اليدين,خلل جيني في الهيموغلوبين,مسكنات الألم- نقل الدم,هيدروكسي يوريا- مكملات حمض الفوليك,تجنب الإجهاد- شرب السوائل,الأشخاص ذوو التاريخ العائلي للمرض
التسمم بالرصاص,تراكم الرصاص في الجسم مما يسبب أضرارًا صحية,حاد- مزمن,ضعف التركيز- آلام البطن- أنيميا,التعرض للرصاص في المياه أو الدهانات,مضادات السموم- علاج الأعراض,دايميركابرول- كالسيوم EDTA,تجنب التعرض للرصاص- فحص مصادر المياه,الأطفال- العمال في الصناعات الكيميائية
تكيس المبايض,اضطراب هرموني يسبب نمو تكيسات في المبيض,بسيط- معقد,عدم انتظام الدورة- زيادة الوزن- حب الشباب,مقاومة الأنسولين- خلل هرموني,أدوية تنظيم الهرمونات- تحسين نمط الحياة,ميتفورمين- حبوب منع الحمل,ممارسة الرياضة- تجنب الأطعمة السكرية,النساء في سن الإنجاب
القدم الرياضي,عدوى فطرية تصيب القدمين نتيجة الرطوبة,سطحية- عميقة,حكة- تقشر الجلد- تشقق بين الأصابع,التعرق الزائد- ارتداء أحذية مغلقة لفترة طويلة,كريمات مضادة للفطريات- الحفاظ على جفاف القدم,كلوتريمازول- تيربينافين,ارتداء جوارب قطنية- تجفيف القدم جيدًا,الرياضيون- الأشخاص الذين يستخدمون حمامات عامة
هبوط السكر في الدم,انخفاض غير طبيعي في مستوى السكر في الدم,خفيف- متوسط- حاد,تعرق- دوخة- رعشة- فقدان وعي,تناول أدوية السكري- الصيام الطويل,تناول الجلوكوز- أدوية ترفع السكر,أقراص الجلوكوز- محاليل السكر,تناول وجبات منتظمة- تجنب الصيام الطويل,مرضى السكري- الأشخاص الذين يتبعون حميات صارمة
انفصال الشبكية,اضطراب بصري خطير يحدث عند ابتعاد الشبكية عن موضعها الطبيعي,جزئي- كلي,فقدان مفاجئ للرؤية- رؤية ومضات ضوئية,إصابات العين- ارتفاع ضغط العين,الجراحة- حقن الهواء داخل العين,لا يوجد أدوية OTC مباشرة,الفحص الدوري للعين- تجنب التعرض للضربات,كبار السن- مرضى السكري
التهاب المعدة الحاد,التهاب مفاجئ في بطانة المعدة,فيروسي- بكتيري- دوائي,ألم المعدة- غثيان- قيء,العدوى- تناول المسكنات بكثرة,مضادات الحموضة- تجنب الأطعمة المهيجة,أوميبرازول- رانيتيدين,تجنب الأدوية المهيجة- تقليل الكحول,الأشخاص الذين يتناولون المسكنات بكثرة
أمراض اللثة,التهابات تصيب اللثة نتيجة تراكم الجير والبكتيريا,التهاب بسيط- التهاب متقدم,نزيف اللثة- رائحة فم كريهة- ألم,التدخين- سوء العناية بالفم,تنظيف الأسنان- استخدام غسول الفم,كلورهكسيدين- مسكنات موضعية,تنظيف الأسنان مرتين يوميًا- زيارة الطبيب,المدخنون- الأشخاص الذين يهملون نظافة الفم
الذبحة الصدرية,ألم في الصدر نتيجة نقص تدفق الدم للقلب,مستقرة- غير مستقرة,ألم ضاغط في الصدر- ضيق تنفس- تعرق,تصلب الشرايين- ارتفاع ضغط الدم,موسعات الأوعية الدموية- تخفيف الضغط النفسي,نيتروجليسرين- أسبرين,ممارسة الرياضة- تقليل الكوليسترول,مرضى القلب- المدخنون
تضخم القلب,زيادة غير طبيعية في حجم القلب بسبب الإجهاد,بسيط- معقد,إرهاق- تورم الساقين- ضيق التنفس,ارتفاع ضغط الدم- أمراض الصمامات,أدوية مدرة للبول- موسعات الأوعية الدموية,فوروسيميد- إنالابريل,مراقبة ضغط الدم- تناول غذاء صحي,مرضى ارتفاع ضغط الدم- المصابون بأمراض القلب
عرق النسا,التهاب أو ضغط على العصب الوركي يسبب ألمًا يمتد من الظهر إلى الساق,حاد- مزمن,ألم في أسفل الظهر يمتد إلى الساق- تنميل,انزلاق غضروفي- ضيق في العمود الفقري,العلاج الطبيعي- المسكنات- تمارين التمدد,إيبوبروفين- ديكلوفيناك,تجنب الجلوس لفترات طويلة- ممارسة التمارين,كبار السن- الأشخاص الذين يجلسون لفترات طويلة
خلع الكتف,خروج رأس عظمة العضد من تجويف الكتف,أمامي- خلفي- سفلي,ألم شديد- تورم- عدم القدرة على تحريك الذراع,الإصابات الرياضية- السقوط- الحوادث,تثبيت الكتف- العلاج الطبيعي- جراحة في الحالات المتقدمة,مسكنات الألم- جل مضاد للالتهاب,تقوية عضلات الكتف- تجنب الحركات العنيفة,الرياضيون- كبار السن
قرحة الفراش,تقرحات جلدية تحدث بسبب الضغط الطويل على الجلد,سطحية- عميقة,احمرار- تقشر الجلد- جروح مؤلمة,الجلوس أو الاستلقاء لفترات طويلة,تغيير وضع الجسم بانتظام- العناية بالبشرة,كريمات الحماية- المطهرات الموضعية,تقليب المريض بانتظام- استخدام وسائد داعمة,المرضى طويلي الفراش- كبار السن
التهاب المثانة الخلالي,التهاب مزمن في المثانة يسبب تهيجًا مستمرًا,خفيف- شديد,ألم في الحوض- كثرة التبول- انزعاج أثناء الجماع,مجهول السبب- اضطرابات عصبية,أدوية مرخية للعضلات- تغييرات غذائية,بنتوسان بوليسلفات- مضادات الالتهاب,تجنب الكافيين- تقليل التوتر,النساء أكثر عرضة- الأشخاص المصابون بأمراض المثانة
قصور الغدة الدرقية,انخفاض إنتاج هرمونات الغدة الدرقية مما يسبب بطء العمليات الأيضية,أولي- ثانوي- خلقي,تعب- زيادة الوزن- جفاف البشرة- تساقط الشعر,أمراض المناعة الذاتية- نقص اليود,العلاج الهرموني التعويضي- تحسين نمط الحياة,ليفوثيروكسين,تناول غذاء غني باليود- متابعة فحوصات الغدة,النساء- كبار السن
فرط الغدة الدرقية,زيادة إنتاج هرمونات الغدة الدرقية مما يسبب تسارع العمليات الأيضية,جريفز- العقيدات الدرقية- التسمم الدرقي,فقدان الوزن- رعشة اليدين- خفقان القلب,اضطراب مناعي- زيادة اليود في الغذاء,أدوية مضادة للغدة- جراحة في بعض الحالات,ميثيمازول- بروبيل ثيوراسيل,تقليل الكافيين- تجنب مكملات اليود,النساء- المصابون بأمراض المناعة
حصوات الكلى,تجمع معادن وأملاح داخل الكلى مكونة حصوات صلبة,أوكسالات الكالسيوم- حمض اليوريك- السيستين,ألم شديد في الجانب والظهر- دم في البول- غثيان,قلة شرب الماء- زيادة الكالسيوم في البول,شرب الماء بكثرة- أدوية مذيبة للحصوات- الجراحة,ألفا بلوكرز- مسكنات الألم,شرب الماء الكافي- تقليل الملح والبروتين,الرجال- الأشخاص الذين يتناولون أطعمة غنية بالأملاح
التهاب العصب السابع,شلل مؤقت في عضلات الوجه بسبب التهاب العصب الوجهي,حاد- مزمن,ضعف عضلات الوجه- تدلي الجفن- صعوبة إغلاق العين,العدوى الفيروسية- الضغط على العصب,العلاج الطبيعي- مضادات الفيروسات- الكورتيزون,بريدنيزون- أسيكلوفير,تجنب التعرض المفاجئ للبرد- تقوية المناعة,الأشخاص الذين يعانون من ضعف المناعة
متلازمة النفق الرسغي,ضغط على العصب الوسطي في المعصم يسبب تنميلًا وضعفًا في اليد,خفيف- متوسط- شديد,خدر في الأصابع- ألم في المعصم- ضعف قبضة اليد,الحركات المتكررة- التهابات المفاصل,ارتداء الجبائر- تمارين اليد- الجراحة في الحالات المتقدمة,فيتامين B6- ديكلوفيناك جل,تجنب الحركات المتكررة- استخدام أدوات مريحة,مستخدمو الكمبيوتر لفترات طويلة
الرباط الصليبي الأمامي المقطوع,إصابة خطيرة في الركبة تسبب عدم استقرار المفصل,جزئي- كلي,ألم حاد- تورم في الركبة- عدم القدرة على المشي,الحركات المفاجئة- الإصابات الرياضية,العلاج الطبيعي- الجراحة- التمارين التأهيلية,مسكنات الألم- جل مضاد للالتهاب,تمارين تقوية الركبة- تجنب الحركات العنيفة,الرياضيون- الأشخاص الذين يمارسون الأنشطة البدنية المكثفة
الحمى الروماتيزمية,مرض مناعي يحدث بعد التهاب الحلق البكتيري,بسيطة- شديدة,آلام المفاصل- حمى- طفح جلدي,عدوى بكتيرية بالمكورات العقدية,مضادات الالتهاب- المضادات الحيوية,بنسيلين- أسبرين,علاج التهاب الحلق بسرعة- تجنب العدوى,الأطفال- المراهقون
التهاب الحوض,عدوى تصيب الأعضاء التناسلية الأنثوية,حاد- مزمن,ألم بطني- إفرازات غير طبيعية- حمى,عدوى بكتيرية منقولة جنسيًا,المضادات الحيوية- مسكنات الألم,دوكسيسيكلين- ميترونيدازول,استخدام الواقي الذكري- الفحص المنتظم,النساء الناشطات جنسيًا
متلازمة كوشينغ,اضطراب هرموني ناتج عن زيادة الكورتيزول,وراثية- مكتسبة,زيادة الوزن- ترقق الجلد- وجه دائري,أورام الغدة الكظرية- تناول الكورتيزون لفترة طويلة,تقليل الكورتيزون- الجراحة في بعض الحالات,كيتوكونازول- ميتيرابون,تقليل تناول الكورتيزون بدون إشراف طبي,مرضى الاضطرابات الهرمونية
التهاب الملتحمة التحسسي,التهاب العين بسبب رد فعل تحسسي,موسمي- دائم,احمرار العين- حكة- إفرازات دمعية,التعرض لحبوب اللقاح- الغبار- وبر الحيوانات,قطرات مضادة للحساسية- مضادات الهيستامين,أولوباتادين- ليفوستين,تجنب مسببات الحساسية- استخدام النظارات الواقية,مرضى الحساسية
التهاب الجيوب الأنفية الفطري,التهاب ناتج عن عدوى فطرية تصيب الجيوب الأنفية,حاد- مزمن,احتقان- صداع- إفرازات أنفية كثيفة,ضعف المناعة- التعرض للرطوبة العالية,مضادات الفطريات- غسول الأنف الملحي,أمفوتيريسين ب- فلوكونازول,تجنب الأماكن الرطبة- تقوية المناعة,مرضى السكري- ضعيفو المناعة
التهاب لسان المزمار,التهاب خطير يصيب لسان المزمار مما يعيق التنفس,بكتيري- فيروسي,صعوبة في التنفس- حمى- صوت خشن,عدوى بكتيرية بالمستدمية النزلية,المضادات الحيوية- الأكسجين- أدوية الكورتيزون,سيفترياكسون- ديكساميثازون,التطعيم ضد المستدمية- تجنب العدوى,الأطفال- مرضى ضعف المناعة
مرض باركنسون,اضطراب عصبي تدريجي يؤثر على الحركة,مبكر- متقدم,رعشة في اليدين- تصلب العضلات- بطء الحركة,نقص الدوبامين في الدماغ,أدوية تحفّز إنتاج الدوبامين- العلاج الطبيعي,ليفودوبا- براميبيكسول,ممارسة الرياضة- تناول أطعمة غنية بمضادات الأكسدة,كبار السن- الأشخاص الذين لديهم تاريخ وراثي
التهاب العظم والنقي,التهاب في نخاع العظم بسبب عدوى بكتيرية,حاد- مزمن,ألم شديد في العظم- تورم- حمى,إصابات العظام- جراحة سابقة,المضادات الحيوية- الجراحة في الحالات المتقدمة,فانكوميسين- سيفترياكسون,العناية بالجروح- تجنب الإصابات,مرضى السكري- المصابون بجروح مزمنة
داء البريميات,عدوى بكتيرية تصيب الكبد والكلى,حاد- مزمن,حمى- صداع- اصفرار الجلد- فشل كلوي,بكتيريا البريمية عبر المياه الملوثة,المضادات الحيوية- تعويض السوائل,دوكسيسيكلين- بنسلين,تجنب المياه الملوثة- ارتداء أحذية واقية,العاملون في الصرف الصحي- السباحون في المياه الراكدة
التهاب التامور,التهاب الغشاء المحيط بالقلب يسبب آلامًا في الصدر,فيروسي- بكتيري- مناعي,ألم في الصدر- خفقان- ضيق تنفس,عدوى فيروسية- أمراض مناعية,مضادات الالتهاب- مدرات البول- الراحة,إيبوبروفين- كولشيسين,تجنب العدوى- السيطرة على الأمراض المناعية,مرضى القلب- المصابون بأمراض مناعية
التهاب البنكرياس المزمن,التهاب مستمر في البنكرياس يسبب تليف الأنسجة,خفيف- شديد,ألم بطني مستمر- فقدان وزن- غثيان,تناول الكحول- الحصوات المرارية,المسكنات- إنزيمات البنكرياس,بانكريليباز- أسيتامينوفين,تقليل تناول الدهون- تجنب الكحول,المدخنون- المصابون بحصوات المرارة
السعار (داء الكلب),مرض فيروسي قاتل يصيب الجهاز العصبي,عدواني- صامت,تشنجات- هلوسة- صعوبة في البلع,عضة من حيوان مصاب,مصل مضاد للفيروس- تطعيم سريع,لقاح السعار- مسكنات الألم,تجنب الحيوانات المشتبه بها- التطعيم الوقائي,الأشخاص الذين يتعاملون مع الحيوانات
التهاب الأوتار,التهاب يصيب الأوتار العضلية بسبب الإجهاد المتكرر,الكتف- الركبة- المعصم,ألم عند الحركة- تيبس المفصل,الحركات المتكررة- قلة التمدد العضلي,العلاج الطبيعي- مضادات الالتهاب,إيبوبروفين جل- كريم ديكلوفيناك,تمارين التمدد- تجنب الحركات المتكررة,الرياضيون- العمال اليدويون
التسمم بالزئبق,تراكم الزئبق في الجسم مما يسبب تلف الجهاز العصبي,حاد- مزمن,رعشة- ضعف الذاكرة- تغيرات في المزاج,تناول الأسماك الملوثة- استنشاق أبخرة الزئبق,التخلص من التعرض للزئبق- العلاجات المخلبية,ديميركابرول- سكسيمير,تقليل استهلاك الأسماك الملوثة- تجنب المنتجات التي تحتوي على زئبق,العاملون في المصانع الكيميائية
التهاب العظم والغضروف,اضطراب يسبب تفكك الغضروف في المفاصل,مبكر- متقدم,ألم عند الحركة- تيبس المفاصل- تورم,تقدم العمر- السمنة- الإصابات المتكررة,العلاج الطبيعي- أدوية تخفيف الألم,غلوكوزامين- كوندرويتين,الحفاظ على الوزن- ممارسة الرياضة,كبار السن- الرياضيون
التهاب الشعب الهوائية المزمن,التهاب طويل الأمد في الممرات الهوائية,بسيط- متقدم,سعال مزمن- ضيق تنفس- بلغم كثيف,التدخين- التلوث الهوائي,موسعات الشعب- العلاج الطبيعي,سالبيوتامول- تييوتروبيوم,الإقلاع عن التدخين- تجنب الملوثات,المدخنون- مرضى الجهاز التنفسي
التهاب العصب البصري,التهاب في العصب الذي ينقل الإشارات من العين إلى الدماغ,حاد- مزمن,فقدان الرؤية الجزئي- ألم عند تحريك العين,التصلب المتعدد- العدوى الفيروسية,الستيرويدات- فيتامينات الأعصاب,بريدنيزون- فيتامين B12,تجنب الالتهابات الفيروسية- السيطرة على الأمراض المناعية,مرضى التصلب المتعدد- المصابون بعدوى فيروسية
هشاشة العظام,مرض يسبب ضعف العظام وزيادة خطر الكسور,أولي- ثانوي,آلام الظهر- قصر القامة التدريجي- سهولة حدوث الكسور,نقص الكالسيوم- انخفاض هرمون الإستروجين,مكملات الكالسيوم- تمارين تقوية العظام,كالسيتونين- بيسفوسفونات,تناول الكالسيوم- ممارسة الرياضة,النساء بعد سن اليأس- كبار السن
التهاب الصفاق,التهاب في الغشاء المبطن لتجويف البطن,بكتيري- كيميائي,ألم شديد في البطن- انتفاخ- حمى,انفجار الزائدة الدودية- الفشل الكلوي,المضادات الحيوية- الجراحة في بعض الحالات,سيفترياكسون- ميترونيدازول,تجنب العدوى- علاج مشاكل الجهاز الهضمي بسرعة,مرضى الكلى- المصابون بمشاكل الجهاز الهضمي
القدم السكرية,مضاعفات خطيرة لمرض السكري تؤدي إلى تقرحات والتهابات القدم,بسيطة- متقدمة,تقرحات- تنميل- ضعف التئام الجروح,ضعف تدفق الدم- تلف الأعصاب بسبب السكري,المضادات الحيوية- تحسين سكر الدم,أموكسيسيلين- كريمات مضادة للالتهابات,ضبط سكر الدم- العناية بالقدم,مرضى السكري- كبار السن
التهاب الحلق البسيط,تهيج في الحلق بسبب عدوى فيروسية خفيفة,حاد- مزمن,ألم الحلق- صعوبة البلع- بحة الصوت,العدوى الفيروسية- الهواء الجاف- الصراخ المتكرر,الغرغرة بالماء الدافئ- المسكنات الخفيفة,أقراص الاستحلاب- سبراي الحلق- باراسيتامول,تجنب التدخين- شرب السوائل الدافئة,الأطفال- الأشخاص الذين يتحدثون لفترات طويلة
حساسية الأنف الموسمية,رد فعل تحسسي يحدث في مواسم معينة,موسمية- دائمة,عطس- سيلان أنف- حكة بالعين,حبوب اللقاح- الغبار- وبر الحيوانات,مضادات الهيستامين- بخاخات الأنف,لوراتادين- فيكسوفينادين- بخاخ فلوتيكازون,تجنب المهيجات- استخدام فلاتر الهواء,المصابون بحساسية وراثية
تورم العين البسيط,انتفاخ حول العين بسبب الحساسية أو قلة النوم,مؤقت- مزمن,انتفاخ- احمرار- شعور بالثقل حول العين,قلة النوم- الحساسية- الجفاف,كمادات باردة- شرب الماء- مضادات الحساسية,قطرات الهيستامين- كريم تبريد العين,النوم الجيد- تقليل استخدام الشاشات,الأشخاص الذين يعانون من الحساسية- قليلو النوم
تشقق الكعبين,جفاف الجلد في منطقة الكعب يسبب تشققات مؤلمة,سطحية- عميقة,جفاف- خشونة- نزيف خفيف أحيانًا,نقص الترطيب- المشي بدون حذاء,استخدام كريمات ترطيب مكثفة- تجنب الوقوف الطويل,كريم اليوريا- الفازلين الطبي,ارتداء الجوارب- ترطيب القدمين بانتظام,الأشخاص ذوو البشرة الجافة- كبار السن
الغثيان البسيط,شعور بعدم الراحة في المعدة يؤدي للرغبة في القيء,مؤقت- مزمن,دوخة- تعب- فقدان شهية,دوار الحركة- تناول طعام ملوث- القلق,شرب الزنجبيل- تناول أدوية مضادة للغثيان,دومبيريدون- ميكليزين- بيسموت سبساليسيلات,تجنب الأطعمة الدهنية- تناول وجبات صغيرة,الحوامل- المسافرون لمسافات طويلة
التهاب زوايا الفم,التهاب في زوايا الشفاه يسبب احمرارًا وألمًا,فطري- بكتيري- تحسسي,تشقق- تقشر- حكة في زوايا الفم,نقص الفيتامينات- اللعاب الزائد- الحساسية,استخدام كريمات مضادة للفطريات- ترطيب الشفاه,كريم ميكونازول- مرهم الهيدروكورتيزون,تجنب لعق الشفاه- تناول مكملات الفيتامينات,مرضى السكري- الأشخاص الذين يعانون من نقص فيتامين B
ألم المفاصل البسيط,انزعاج خفيف في المفاصل بسبب التعب أو الالتهاب الطفيف,مؤقت- مزمن,تصلب- ألم خفيف- تورم بسيط,النشاط البدني المفرط- التقدم في العمر- قلة الحركة,استخدام كريمات مضادة للالتهاب- ممارسة تمارين خفيفة,ديكلوفيناك جل- إيبوبروفين,الحفاظ على الوزن- ممارسة التمارين,كبار السن- الأشخاص الذين يجلسون لفترات طويلة
الإرهاق الحراري,تعب عام بسبب التعرض الطويل لدرجات الحرارة المرتفعة,بسيط- متوسط,دوخة- تعرق مفرط- صداع,التعرض للشمس لفترة طويلة- الجفاف,شرب الماء- التبريد الفوري- الراحة,أملاح الإماهة الفموية- مسكنات خفيفة,ارتداء ملابس خفيفة- شرب الماء بانتظام,العمال في الأماكن المفتوحة- الرياضيون
انتفاخ تحت العين,تراكم السوائل تحت العين يسبب مظهرًا متعبًا,مؤقت- وراثي,انتفاخ- هالات داكنة- ترهل الجلد,قلة النوم- الحساسية- احتباس السوائل,تدليك المنطقة- استخدام كمادات باردة,جل الكافيين للعين- كريمات فيتامين C,النوم المنتظم- تقليل الملح في الطعام,الأشخاص الذين يعانون من قلة النوم- كبار السن
لسعات الشمس الخفيفة,احمرار في الجلد بسبب التعرض المفرط للشمس,خفيفة- متوسطة,احمرار- حرارة في الجلد- حكة,التعرض الطويل لأشعة الشمس بدون حماية,تطبيق جل مهدئ- شرب السوائل- تجنب التعرض المباشر للشمس,جل الألوفيرا- كريم بانثينول,استخدام واقي الشمس- تجنب الشمس وقت الذروة,الأشخاص ذوو البشرة الفاتحة- المصطافون
نزلات البرد العادية,عدوى فيروسية تصيب الجهاز التنفسي العلوي,خفيفة- متوسطة,سيلان الأنف- عطس- احتقان- كحة خفيفة,الفيروسات (مثل فيروس الأنفلونزا)- ضعف المناعة,الراحة- شرب السوائل- استخدام بخاخات الأنف,باراسيتامول- سودوإيفيدرين- فيتامين C,غسل اليدين- تجنب المصابين- تقوية المناعة,الأطفال- كبار السن- ضعيفو المناعة
التهاب اللثة البسيط,التهاب خفيف في أنسجة اللثة يسبب نزيفًا عند تنظيف الأسنان,بسيط- متقدم,احمرار- نزيف- انتفاخ بسيط في اللثة,تراكم الجير- سوء العناية بالفم,تنظيف الأسنان- استخدام غسول الفم المطهر,غسول كلورهكسيدين- مسكنات الألم الموضعية,تنظيف الأسنان مرتين يوميًا- زيارة طبيب الأسنان,المدخنون- الأشخاص ذوو نظافة الفم السيئة
آلام الأسنان المؤقتة,ألم ناتج عن حساسية الأسنان أو التهابات خفيفة,خفيفة- متوسطة,ألم عند تناول المشروبات الساخنة أو الباردة,تسوس بسيط- التهاب اللثة- تآكل المينا,استخدام معجون أسنان مخصص للحساسية- المسكنات,بنزوكايين جل- إيبوبروفين- باراسيتامول,تجنب الأطعمة السكرية- تنظيف الأسنان بانتظام,الأشخاص الذين يستهلكون الكثير من السكر- كبار السن
التهاب المعدة الخفيف,تهيج في بطانة المعدة يسبب عدم راحة,مؤقت- مزمن,ألم في المعدة- غثيان- فقدان شهية,الأطعمة الحارة- التدخين- القلق,تناول مضادات الحموضة- تقليل التوتر,أوميبرازول- رانيتيدين- مالوكس,تجنب الكحول- تناول الطعام ببطء,المصابون بالتوتر المزمن- المدخنون
آلام الأذن الخفيفة,ألم بسيط ناتج عن التهاب الأذن الخارجية أو تراكم الشمع,مؤقت- مزمن,طنين- ألم عند لمس الأذن- حكة,العدوى الفيروسية- الماء المحتبس في الأذن,استخدام قطرات ملطفة للأذن- المسكنات,قطرات بيروكسيد الهيدروجين- باراسيتامول,تجفيف الأذن بعد السباحة- تجنب استخدام أعواد القطن,الأطفال- الأشخاص الذين يسبحون بكثرة
تقلصات البطن البسيطة,تشنجات خفيفة في المعدة ناتجة عن الغازات أو عسر الهضم,مؤقتة- متكررة,ألم بطني متقطع- انتفاخ- غازات,تناول أطعمة دسمة- توتر- قلة الحركة,المشروبات الدافئة- تدليك البطن,سيميثيكون- مستخلص النعناع- الفحم النشط,المشي بعد الأكل- تجنب المشروبات الغازية,الأشخاص الذين يتناولون أطعمة غنية بالدهون- مرضى القولون
السعال الجاف البسيط,سعال بدون بلغم نتيجة تهيج الحلق أو الحساسية,مؤقت- مزمن,كحة جافة- شعور بالدغدغة في الحلق,الغبار- التدخين- جفاف الهواء,أقراص استحلاب- ترطيب الحلق- مضادات الحساسية,ديكستروميثورفان- لوراتادين- عسل النحل,تجنب الملوثات- شرب السوائل الدافئة,المدخنون- مرضى الحساسية
حرقة العين,شعور بالحرقان في العين بسبب الجفاف أو الحساسية,مؤقت- مزمن,احمرار- دموع زائدة- حكة,التعرض للغبار- التحديق في الشاشات لفترات طويلة,قطرات مرطبة- تجنب المثيرات,قطرات سيستين- قطرات تيرز ناتشورال,تقليل وقت استخدام الشاشة- ارتداء النظارات الواقية,مستخدمو الشاشات- الأشخاص الذين يعانون من الحساسية
التهاب الشرج البسيط,تهيج أو احمرار في منطقة الشرج بسبب الاحتكاك أو البواسير الخفيفة,مؤقت- مزمن,حكة- حرقة- عدم راحة عند الجلوس,الإمساك- استخدام ورق تواليت خشن- التعرق,الكريمات الملطفة- تجنب الاحتكاك الشديد,كريم هيدروكورتيزون- تحاميل الجلسرين,استخدام مناديل مبللة- تجنب الجلوس لفترات طويلة,الأشخاص المصابون بالإمساك- كبار السن
الدوالي الخفيفة,ظهور أوردة زرقاء تحت الجلد بدون ألم شديد,بسيطة- متقدمة,تورم بسيط في الساقين- شعور بالثقل,الوقوف لفترات طويلة- ضعف الأوردة الوراثي,رفع الساقين- الجوارب الضاغطة,كريم الهيبارين- مرهم فينوتون,تجنب الوقوف الطويل- ممارسة الرياضة,النساء- الأشخاص الذين يعملون واقفين
التهاب الحنجرة البسيط,التهاب في الأحبال الصوتية يسبب بحة الصوت,حاد- مزمن,بحة في الصوت- جفاف الحلق- كحة خفيفة,الإفراط في استخدام الصوت- التهابات فيروسية,الراحة الصوتية- ترطيب الحلق,أقراص الاستحلاب- بخاخات الحلق- باراسيتامول,تجنب الصراخ- شرب السوائل الدافئة,المعلمون- المغنون- المدخنون
الإجهاد البدني,تعب عام ناتج عن مجهود بدني زائد أو قلة النوم,خفيف- متوسط- شديد,تعب- ضعف عضلي- دوخة- صداع,قلة النوم- الإجهاد الجسدي- نقص الفيتامينات,الراحة- التغذية الجيدة- شرب السوائل,مكملات فيتامين B12- مشروبات الطاقة الطبيعية,النوم الكافي- التوازن بين العمل والراحة,الرياضيون- العاملون لساعات طويلة
ألم الرقبة البسيط,انزعاج في عضلات الرقبة بسبب الوضعية الخاطئة أو التوتر,مؤقت- مزمن,تصلب الرقبة- صداع خفيف- ألم عند الحركة,الجلوس الطويل- استخدام الهاتف لفترات طويلة,تمارين الإطالة- كمادات دافئة- تدليك الرقبة,ديكلوفيناك جل- مسكنات موضعية,تحسين وضعية الجلوس- ممارسة التمارين,العاملون أمام الكمبيوتر- مستخدمو الهواتف بكثرة
تنميل الأطراف البسيط,إحساس بالوخز أو الخدر في اليدين أو القدمين,مؤقت- متكرر,إحساس بالوخز- خدر بسيط- ضعف خفيف,نقص الفيتامينات- الجلوس الخاطئ- قلة الحركة,تدليك المنطقة- تحريك الأطراف- تناول مكملات غذائية,مكملات فيتامين B12- كريمات تدفئة الأعصاب,الحركة المنتظمة- تناول غذاء متوازن,مرضى السكري- الأشخاص الذين يجلسون لفترات طويلة
اضطرابات النوم البسيطة,صعوبة في النوم أو الاستيقاظ المتكرر أثناء الليل,أرق- استيقاظ مبكر,تعب أثناء النهار- قلة التركيز- تغيرات مزاجية,القلق- تناول الكافيين- تغير مواعيد النوم,تحسين الروتين الليلي- تمارين استرخاء,ميلاتونين- مغنيسيوم- شاي البابونج,تجنب الشاشات قبل النوم- تقليل الكافيين,الأشخاص الذين يعملون بنظام المناوبات
ألم الكتف البسيط,انزعاج في عضلات أو مفصل الكتف نتيجة الإجهاد,مؤقت- متكرر,تصلب الكتف- ألم عند تحريكه- ضعف طفيف,الوضعية الخاطئة- رفع أشياء ثقيلة,التمارين الخفيفة- العلاج الطبيعي- المسكنات,كريم مسكن موضعي- لصقات حرارية,تجنب حمل الأشياء الثقيلة- ممارسة تمارين تقوية الكتف,الرياضيون- العاملون بالأعمال اليدوية
تورم الأصابع البسيط,انتفاخ خفيف في أصابع اليد أو القدم بسبب احتباس السوائل أو الإصابات الطفيفة,مؤقت- متكرر,انتفاخ- احمرار بسيط- شعور بالثقل,الجلوس لفترات طويلة- الجو البارد- ضربات خفيفة,تحريك الأصابع- استخدام كمادات باردة,كريمات مسكنة- أقراص مدرة للبول خفيفة,ممارسة الرياضة- تجنب التعرض للبرد لفترات طويلة,كبار السن- الأشخاص المصابون بضعف الدورة الدموية
جفاف الجلد البسيط,فقدان الرطوبة من الجلد مما يؤدي إلى تشققه,خفيف- متوسط,تشقق- خشونة- حكة خفيفة,الطقس البارد- الاستحمام بالماء الساخن- قلة الترطيب,استخدام كريمات مرطبة- تجنب الماء الساخن,كريم اليوريا- زيت جوز الهند- بانثينول,ترطيب الجلد يوميًا- شرب الماء بكثرة,أصحاب البشرة الجافة- الأشخاص الذين يعيشون في مناطق باردة
خفقان القلب البسيط,إحساس بتسارع أو عدم انتظام نبضات القلب لفترة قصيرة,مؤقت- متكرر,إحساس بخفقان سريع- دوخة خفيفة- قلق,التوتر- الكافيين- قلة النوم,تقليل التوتر- تمارين التنفس العميق,مغنيسيوم- مكملات بوتاسيوم- أعشاب مهدئة,تقليل تناول الكافيين- النوم الجيد,الأشخاص الذين يعانون من القلق
احتباس السوائل البسيط,تراكم السوائل في الجسم مما يسبب انتفاخًا بسيطًا,مؤقت- متكرر,تورم خفيف في الأطراف- شعور بالثقل- تغير في الوزن,تناول الملح بكثرة- قلة الحركة- الدورة الشهرية,شرب الماء- تقليل الصوديوم- الحركة المستمرة,مدرات بول طبيعية- شاي الهندباء,تقليل تناول الملح- ممارسة التمارين الرياضية,النساء أثناء الدورة الشهرية- كبار السن
ضعف الأظافر,تكسر الأظافر بسهولة بسبب نقص التغذية أو العوامل البيئية,مؤقت- مزمن,هشاشة الأظافر- تقشير الأطراف- بطء النمو,نقص الفيتامينات- التعرض للماء لفترات طويلة,تناول مكملات غذائية- استخدام زيوت مقوية للأظافر,بيوتين- زيت اللوز- مقويات الأظافر,ارتداء القفازات عند استخدام الماء- تناول غذاء متوازن,النساء- الأشخاص الذين يستخدمون مواد تنظيف قوية
الإحساس بالبرودة في الأطراف,برودة مستمرة في اليدين أو القدمين بسبب ضعف الدورة الدموية,مؤقت- مزمن,تنميل- إحساس بالبرد حتى في الجو الدافئ,ضعف تدفق الدم- التدخين- نقص الحديد,تدليك الأطراف- تناول مكملات غذائية,فيتامين B12- مكملات الحديد- كريمات تدفئة,ارتداء ملابس دافئة- ممارسة الرياضة,مرضى الأنيميا- المدخنون
تهيج العين بسبب الغبار,شعور بعدم الراحة نتيجة تعرض العين للغبار أو الهواء الجاف,مؤقت- مزمن,احمرار- حكة- دموع زائدة,التعرض المباشر للأتربة- الهواء الجاف,شطف العين بماء نظيف- استخدام قطرات مرطبة,قطرات ترطيب العين- محلول ملحي للعين,ارتداء نظارات واقية- تجنب الأماكن المليئة بالغبار,الأشخاص الذين يعملون في مواقع مفتوحة
