الاسم,الماده الفعاله,دواعي الاستخدام,الجرعة,تحذيرات
إيبوبروفين - Ibuprofen,إيبوبروفين,مسكن للألم وخافض للحرارة,200-400 mg كل 4-6 ساعات,قد يسبب تهيجًا للمعدة أو نزيف. لا يُستخدم مع مشاكل في الكلى أو الكبد.
باراسيتامول - Paracetamol,باراسيتامول,مسكن للألم وخافض للحرارة,500 mg كل 4-6 ساعات,تجنب الجرعات الزائدة لتجنب تلف الكبد.
أموكسيسيلين - Amoxicillin,أموكسيسيلين,مضاد حيوي لعلاج العدوى البكتيرية,500 mg كل 8 ساعات,قد يسبب طفح جلدي أو تفاعلات تحسسية. يجب تجنب استخدامه في حالة الحساسية للبنسلين.
ديكساميثازون - Dexamethasone,ديكساميثازون,علاج الالتهابات والحساسية,0.75-9 mg يوميًا حسب الحالة,قد يسبب ارتفاع السكر في الدم وزيادة الوزن. لا يُستخدم لفترات طويلة.
أتورفاستاتين - Atorvastatin,أتورفاستاتين,خافض للدهون في الدم,10-80 mg يوميًا,قد يسبب مشاكل في الكبد أو العضلات. يجب مراقبة وظائف الكبد بانتظام.
أوميبرازول - Omeprazole,أوميبرازول,علاج الحموضة وقرحة المعدة,20-40 mg يوميًا قبل الوجبات,لا يُستخدم مع أدوية أخرى تقلل من حمض المعدة مثل اله2-أنتيهستامين.
سيتالوبرام - Citalopram,سيتالوبرام,مضاد للاكتئاب والقلق,10-40 mg يوميًا,قد يسبب صعوبة في النوم أو قلق. يجب الحذر في حالات أمراض القلب.
فوروسيميد - Furosemide,فوروسيميد,مدر للبول في حالات احتباس السوائل وفشل القلب,20-80 mg يوميًا حسب الحاجة,قد يسبب نقص البوتاسيوم أو مشاكل في الكلى. يجب مراقبة مستويات الكهارل.
ميترونيدازول - Metronidazole,ميترونيدازول,مضاد للبكتيريا والطفيليات,250-500 mg كل 8 ساعات,قد يسبب تفاعلات مع الكحول. يسبب الإحساس بالغثيان أو الدوخة.
كلوبيدوجريل - Clopidogrel,كلوبيدوجريل,مضاد للتجلط يستخدم بعد جراحة الشرايين أو الجلطات,75 mg يوميًا,قد يسبب نزيفًا غير طبيعي. يجب مراقبة النزيف بشكل مستمر.
داباجليفلوزين - Dapagliflozin,داباجليفلوزين,علاج السكري النوع 2,5-10 mg يوميًا,قد يسبب انخفاض مستوى السكر في الدم. يجب مراقبة مستوى السكر بشكل مستمر.
سيبروفلوكساسين - Ciprofloxacin,سيبروفلوكساسين,مضاد حيوي واسع الطيف,250-750 mg كل 12 ساعة,قد يسبب مشاكل في الأوتار- خاصة لدى كبار السن.
لوراتادين - Loratadine,لوراتادين,مضاد للهستامين لعلاج الحساسية,10 mg يوميًا,يمكن أن يسبب صداعًا أو جفافًا في الفم.
ألويزا - Aloe Vera,جل الألوة فيرا,يستخدم للبشرة وعلاج الحروق والتهيج الجلدي,استخدام موضعي حسب الحاجة,يجب تجنب استخدامه إذا كان لديك حساسية.
هيدروكسيزايبام - Hydroxyzine,هيدروكسيزايبام,مهدئ للقلق والمشاكل العصبية,25-100 mg يوميًا حسب الحاجة,قد يسبب نعاسًا أو دوارًا.
فلوريد الصوديوم - Sodium Fluoride,فلوريد الصوديوم,علاج لتقوية الأسنان ومنع تسوسها,1-2 قرص يوميًا حسب الحاجة,يجب استخدامه بحذر في الأطفال لتجنب التسمم بالفلورايد.
ليموكسيدين - Lemoxidine,ليموكسيدين,مضاد للبكتيريا يستخدم في التهابات الجهاز التنفسي,250-500 mg كل 8 ساعات,يمكن أن يسبب حساسية في بعض الحالات.
كلورال هيدرات - Chloral Hydrate,كلورال هيدرات,مهدئ ومنوم يستخدم في المستشفيات,500-1000 mg حسب الحاجة,قد يسبب نعاسًا شديدًا أو آثارًا جانبية على الجهاز العصبي.
جليمابيريد - Glimepiride,جليمابيريد,علاج السكري النوع 2,1-4 mg يوميًا,يمكن أن يسبب انخفاض مستوى السكر في الدم بشكل مفرط.
لاكتولوز - Lactulose,لاكتولوز,ملين يستخدم لعلاج الإمساك,15-45 ml يوميًا حسب الحاجة,قد يسبب غازات أو انتفاخات.
بيسيدوكلين - Pseudocolin,بيسيدوكلين,مضاد للألم المزمن,50-100 mg كل 6-8 ساعات,قد يسبب دوارًا أو غثيانًا.
ميدازولام - Midazolam,ميدازولام,مهدئ ومسكن يستخدم في الجراحة أو الإجراءات الطبية,0.5-2 mg حسب الحاجة,قد يسبب نعاسًا شديدًا أو انخفاض ضغط الدم.
ديازيبام - Diazepam,ديازيبام,مضاد للقلق والأرق,5-10 mg يوميًا,قد يسبب دوارًا أو نعاسًا.
تيربينافين - Terbinafine,تيربينافين,مضاد للفطريات لعلاج الالتهابات الجلدية,250 mg يوميًا,قد يسبب تفاعلات جلدية أو مشاكل في الكبد.
فوسفات الأمبيسيلين - Ampicillin Phosphate,فوسفات الأمبيسيلين,مضاد حيوي واسع الطيف,250-500 mg كل 6 ساعات,قد يسبب حساسية أو طفح جلدي.
ريفامبين - Rifampin,ريفامبين,مضاد حيوي يستخدم لعلاج السل,10 mg يوميًا,قد يسبب تغيرات في لون البول أو البراز.
فينيتوين - Phenytoin,فينيتوين,مضاد للصرع,100-300 mg يوميًا,قد يسبب نعاسًا أو دوارًا. يجب مراقبة مستوى الدواء في الدم.
تتراسيكلين - Tetracycline,تتراسيكلين,مضاد حيوي واسع الطيف,250-500 mg كل 6-12 ساعة,يجب تجنب استخدامه مع الحليب أو منتجاته.
ليفوثيروكسين - Levothyroxine,ليفوثيروكسين,علاج لقصور الغدة الدرقية,25-200 mcg يوميًا,قد يسبب خفقان القلب أو فقدان الوزن.
أميودارون - Amiodarone,أميودارون,علاج اضطرابات نظم القلب,100-400 mg يوميًا حسب الحاجة,قد يسبب مشاكل في الرؤية أو الرئة. يحتاج إلى مراقبة دائمة.
ألبرازولام - Alprazolam,ألبرازولام,مضاد للقلق والأرق,0.25-0.5 mg 3 مرات يوميًا,قد يسبب دوارًا أو نعاسًا.
أموكسيسيلين / كلافولانيك - Amoxicillin/Clavulanic Acid,أموكسيسيلين / كلافولانيك,مضاد حيوي لعلاج العدوى البكتيرية,500 mg كل 8 ساعات,قد يسبب اضطرابًا في المعدة أو حساسية.
بيروكسيد الهيدروجين - Hydrogen Peroxide,بيروكسيد الهيدروجين,مستخدم في تطهير الجروح,استخدام موضعي فقط,يجب تجنب ملامسة العين أو الأغشية المخاطية.
كلوريد الصوديوم - Sodium Chloride,كلوريد الصوديوم,مذيب لمعالجة الجفاف والتوازن الكهارلي,1-2 لتر حسب الحاجة,يجب تجنب الجرعات الزائدة- خاصة في المرضى الذين يعانون من مشاكل في القلب أو الكلى.
تيمازيبام - Temazepam,تيمازيبام,مهدئ ومنوم لعلاج الأرق,10-20 mg قبل النوم,قد يسبب دوارًا أو نعاسًا. يجب تجنب القيادة بعد تناوله.
أزيثروميسين - Azithromycin,أزيثروميسين,مضاد حيوي لعلاج العدوى البكتيرية,500 mg في اليوم الأول- ثم 250 mg يوميًا لمدة 4 أيام,قد يسبب اضطرابًا في المعدة أو الطفح الجلدي.
سيمفاستاتين - Simvastatin,سيمفاستاتين,خافض للدهون في الدم,10-40 mg يوميًا مساءً,قد يسبب مشاكل في العضلات أو الكبد. يجب مراقبة مستويات الكوليسترول.
فيتامين د - Vitamin D,فيتامين د,مكمل غذائي لتعزيز صحة العظام والمناعة,1000-2000 IU يوميًا,يجب تجنب الجرعات الزائدة التي قد تؤدي إلى التسمم بالفيتامين د.
ميدروكسي بروجيستيرون - Medroxyprogesterone,ميدروكسي بروجيستيرون,هرمون موجه لتنظيم الدورة الشهرية,5-10 mg يوميًا لمدة 5 أيام من الدورة الشهرية,قد يسبب زيادة في الوزن أو تقلبات مزاجية.
ديكلوفيناك - Diclofenac,ديكلوفيناك,مسكن للألم ومضاد للالتهابات,25-50 mg مرتين يوميًا,قد يسبب مشاكل في المعدة أو قرحة. يجب تجنب استخدامه لفترات طويلة.
إيزوميبرازول - Esomeprazole,إيزوميبرازول,مضاد للحموضة وقرحة المعدة,20-40 mg يوميًا,قد يسبب تأثيرات جانبية على الجهاز الهضمي مثل الإسهال.
الديجوكسيين - Digoxin,الديجوكسيين,علاج فشل القلب واضطرابات ضربات القلب,0.25-0.5 mg يوميًا,قد يسبب تفاعلًا مع الأدوية الأخرى أو تأثيرات على مستوى البوتاسيوم في الدم.
مستحضرات الكورتيزون - Corticosteroids,الكورتيزون,علاج الالتهابات والحساسية,تختلف الجرعة حسب الحالة,يجب تجنب الاستخدام الطويل لتجنب الآثار الجانبية مثل هشاشة العظام.
سيرترالين - Sertraline,سيرترالين,مضاد للاكتئاب والقلق,50-100 mg يوميًا,قد يسبب مشاكل في النوم أو فقدان الشهية.
بروزاك - Prozac,فلوكستين,مضاد للاكتئاب,20-40 mg يوميًا,قد يسبب زيادة في القلق أو الأرق في بداية العلاج.
ليثيوم - Lithium,ليثيوم,علاج للاضطراب الثنائي القطب,300 mg 3 مرات يوميًا,يجب مراقبة مستويات الليثيوم في الدم لتجنب التسمم.
بوتيل سكوبولامين - Butylscopolamine,بوتيل سكوبولامين,مضاد للتقلصات وعلاج آلام البطن,10-20 mg حسب الحاجة,قد يسبب جفاف الفم أو مشاكل في الرؤية.
أمبرازول - Ambrizol,أمبرازول,مضاد حيوي لعلاج الالتهابات البكتيرية,500 mg يوميًا لمدة 7 أيام,قد يسبب اضطرابًا في الجهاز الهضمي أو الطفح الجلدي.
إيتودولاك - Etodolac,إيتودولاك,مسكن للألم ومضاد للالتهابات,200-400 mg كل 8 ساعات,قد يسبب تهيجًا في المعدة. يجب تجنب الجرعات العالية.
كلاريثروميسين - Clarithromycin,كلاريثروميسين,مضاد حيوي لعلاج العدوى البكتيرية,250-500 mg مرتين يوميًا,قد يسبب اضطرابًا في المعدة أو الدوخة.
ألفينترين - Alfentanil,ألفينترين,مسكن قوي للألم يستخدم في التخدير,حسب الحاجة في المستشفى تحت إشراف طبي,يجب أن يتم استخدامه بحذر في المرضى الذين يعانون من مشاكل تنفسية.
هيدروكسي يوريا - Hydroxyurea,هيدروكسي يوريا,علاج لبعض أنواع السرطان والأمراض الدموية,500-1000 mg يوميًا,قد يسبب تقرحات في الفم أو التسمم. يجب مراقبة تعداد الدم بانتظام.
تاموكسيفين - Tamoxifen,تاموكسيفين,مضاد للهرمونات يستخدم في علاج السرطان,20-40 mg يوميًا,قد يسبب آثارًا جانبية مثل الهبات الساخنة أو اضطرابات الدورة الشهرية.
كربامازيبين - Carbamazepine,كربامازيبين,مضاد للصرع,100-400 mg يوميًا حسب الحاجة,قد يسبب دوارًا أو نعاسًا. يجب مراقبة مستويات الدواء في الدم.
إندوميثاسين - Indomethacin,إندوميثاسين,مضاد للالتهابات ومسكن للألم,25-50 mg 2-3 مرات يوميًا,قد يسبب اضطرابًا في المعدة أو زيادة في ضغط الدم.
أروماثيرابي - Aromatherapy,زيوت عطرية,مهدئ للأعصاب وتخفيف القلق,يستخدم موضعيًا أو عبر الاستنشاق,قد يسبب تفاعلات جلدية عند بعض الأشخاص.
دايزيبام - Diazepam,دايزيبام,مضاد للقلق والأرق,5-10 mg يوميًا,قد يسبب دوارًا أو نعاسًا.
أدوية علاج التسمم - Antidotes,أدوية مضادة للتسمم,مضاد لسموم معينة مثل التسمم بالمعادن الثقيلة أو الأدوية,يتم تحديد الجرعة حسب نوع التسمم,يجب أن يتم تحت إشراف طبي.
بيبيرازين - Piperazine,بيبيرازين,مضاد للطفيليات,200 mg يوميًا لمدة 3 أيام,قد يسبب صداعًا أو دوارًا.
ألدكتون - Aldactone,سبيرونولاكتون,مدر للبول وعلاج ارتفاع ضغط الدم,25-100 mg يوميًا,قد يسبب زيادة في مستوى البوتاسيوم أو مشاكل في الكلى.
بيداكويلين - Bedaquiline,بيداكويلين,علاج للسل المقاوم للأدوية,400 mg يوميًا لمدة 2 أسابيع- ثم 200 mg يوميًا,يجب مراقبة وظائف الكبد والكلى.
إنفلونزا - Influenza,لقاح الإنفلونزا,الوقاية من فيروس الإنفلونزا,جرعة واحدة سنويًا,قد يسبب تأثيرات جانبية خفيفة مثل الحمى أو الألم في مكان الحقن.
نياسين - Niacin,نياسين,مكمل غذائي لتحسين مستوى الكوليسترول في الدم,500 mg يوميًا,قد يسبب احمرارًا في الجلد أو زيادة في مستوى السكر في الدم.
بينسيلاين - Penicillin,بينسيلاين,مضاد حيوي واسع الطيف,500 mg كل 6 ساعات,قد يسبب ردود فعل تحسسية.
جينتامايسين - Gentamicin,جينتامايسين,مضاد حيوي يستخدم لعلاج التهابات خطيرة,80 mg يوميًا في الوريد,قد يسبب تفاعلًا مع الكلى أو الأذن.
دولوتغرافير - Dolutegravir,دولوتغرافير,مضاد لفيروس نقص المناعة البشرية,50 mg يوميًا,قد يسبب آثارًا جانبية مثل الغثيان أو الأرق.
ميدزولام - Midazolam,ميدازولام,مهدئ ومضاد للقلق,2-10 mg حسب الحاجة,قد يسبب دوارًا أو انخفاضًا في التنفس.
أمبيسيلين - Ampicillin,أمبيسيلين,مضاد حيوي يستخدم ضد العدوى البكتيرية,500 mg كل 8 ساعات,قد يسبب حساسية أو اضطرابات في الجهاز الهضمي.
فوتوثيرابي - Phototherapy,علاج بالضوء,علاج لبعض الأمراض الجلدية مثل الصدفية أو الاكزيما,حسب الحاجة تحت إشراف طبي,قد يسبب تهيجًا في الجلد أو جفافًا في بعض الحالات.
كونجيستال - Congestal,كلورفينيرامين ماليات- سودوإيفيدرين هيدروكلوريد- باراسيتامول,علاج أعراض الزكام والبرد مثل الاحتقان والصداع,قرص واحد كل 4-6 ساعات,لا يُستخدم مع أدوية أخرى تحتوي على باراسيتامول أو سودوإيفيدرين.
سيتال - Cetal,باراسيتامول,مسكن للألم وخافض للحرارة,500 mg كل 4-6 ساعات,تجنب الجرعة الزائدة لتجنب تلف الكبد.
بانادول - Panadol,باراسيتامول,مسكن للألم وخافض للحرارة,500 mg كل 4-6 ساعات,تجنب الجرعة الزائدة لتجنب تلف الكبد.
ألفا كونجيست - Alpha Congest,سودوإيفيدرين هيدروكلوريد- كلورفينيرامين ماليات,علاج احتقان الأنف والتخفيف من أعراض البرد,قرص واحد كل 4-6 ساعات,يجب الحذر مع مرضى القلب وارتفاع ضغط الدم.
دوفاستون - Dufaston,ديدروجيستيرون,مساعد في علاج مشاكل الدورة الشهرية وتنظيمها,10 mg يوميًا في أيام معينة من الدورة الشهرية,يجب تجنب الاستخدام مع مشاكل الكبد أو النزيف غير الطبيعي.
أدينوزين - Adines,أدينوزين,علاج للألم في حالات الحروق أو الجروح,تطبيق موضعي حسب الحاجة,لا يستخدم على الجروح المفتوحة أو المتهيجة.
ميكوستين - Mucostin,أمبروكسول,مذيب للبلغم وعلاج السعال,10-20 mg مرتين يوميًا,قد يسبب الغثيان أو اضطرابًا في المعدة.
فلوتاك - Flutac,فينيل إيفيدرين,مضاد للاحتقان الأنفي,قرص واحد كل 4-6 ساعات,لا يُستخدم مع أدوية أخرى تحتوي على فينيل إيفيدرين.
ريليف - Relief,إيبوبروفين,مسكن للألم وخافض للحرارة,200 mg كل 4-6 ساعات,قد يسبب اضطرابًا في المعدة. يجب تجنب الجرعات العالية.
نيوروفين - Neurofen,إيبوبروفين,مسكن للألم وخافض للحرارة,200-400 mg كل 4-6 ساعات,يجب تجنب الاستخدام طويل الأمد بسبب التأثيرات على المعدة.
هيموكلار - Hemoclar,هيبارين الصوديوم,علاج التورم والكدمات والتجلطات الخفيفة,تطبيق موضعي مرتين يوميًا,لا يُستخدم على الجروح المفتوحة أو المتقيحة.
سيترال - Cital,سيتالوبرام,مضاد للاكتئاب والقلق,10-20 mg يوميًا,قد يسبب اضطرابات في النوم أو غثيان.
أدفل - Advil,إيبوبروفين,مسكن للألم وخافض للحرارة,200-400 mg كل 4-6 ساعات,قد يسبب تهيجًا للمعدة. لا يُستخدم لفترات طويلة.
أوريسيت - Oracet,أوريسيت,مضاد للفطريات الفموية,1-2 قرص يوميًا,قد يسبب اضطرابات هضمية في بعض الحالات.
كاتافلام - Cataflam,ديكلوفيناك بوتاسيوم,مضاد للالتهابات ومسكن للألم,25-50 mg مرتين يوميًا,قد يسبب تهيجًا في المعدة. يجب تجنب الاستخدام الطويل.
فيرناندول - Fernadol,باراسيتامول- فيتامين C,مكمل غذائي للوقاية من نزلات البرد والانفلونزا,قرص واحد يوميًا,قد يسبب طفح جلدي في بعض الحالات.
نيو كولد - New Cold,باراسيتامول- فينيليفرين,علاج نزلات البرد والتخفيف من الاحتقان,قرص واحد كل 4-6 ساعات,تجنب الجرعة الزائدة.
بانادول إكسترا - Panadol Extra,باراسيتامول- كافيين,مسكن للألم وخافض للحرارة,500 mg كل 4-6 ساعات,تجنب الجرعة الزائدة لتجنب مشاكل الكبد.
سيتافيل - Cetaphil,دهون مرطبة- فيتامينات,مرطب للبشرة الجافة,تطبيق موضعي حسب الحاجة,لا يُستخدم مع الجلد المتهيج أو المتشقق.
أوتريفين - Otrivin,زيلوميتازولين هيدروكلوريد,مضاد للاحتقان الأنفي,رش في الأنف 2-3 مرات يوميًا,لا يُستخدم لفترات طويلة لتجنب زيادة الاعتماد.
لاكوستين - Lacostin,كالسيوم- فيتامين D3,مكمل غذائي لدعم صحة العظام,1-2 قرص يوميًا,قد يسبب اضطرابات هضمية.
لوريكا - Lorica,لورازيبام,مضاد للقلق والتوتر,0.5-1 mg يوميًا,قد يسبب نعاسًا أو تأثيرات على التركيز.
كولد فلو - Cold-Flo,باراسيتامول- سودوإيفيدرين,مضاد للاحتقان وعلاج نزلات البرد,قرص واحد كل 4-6 ساعات,تجنب الاستخدام مع أدوية أخرى تحتوي على سودوإيفيدرين.
كالميد - Calmed,ماغنيسيوم- فيتامين B6,مكمل غذائي يساعد في تخفيف التوتر والقلق,1 قرص يوميًا,قد يسبب شعورًا بالخمول أو النوم.
ديكونجستال - Decongestal,سودوإيفيدرين- كلورفينيرامين,علاج احتقان الأنف والتخفيف من أعراض البرد,قرص واحد كل 4-6 ساعات,لا يُستخدم مع أدوية أخرى تحتوي على سودوإيفيدرين.
دكساميثازون - Dexamethasone,دكساميثازون,مضاد للالتهابات,0.5-9 mg يوميًا حسب الحاجة,قد يسبب زيادة الوزن أو مشاكل هرمونية.
سايتوفاج - Cytophage,ميتفورمين,مساعد في علاج السكري من النوع 2,500 mg يوميًا مع الوجبات,قد يسبب اضطرابات هضمية في البداية.
فيروجلوبين - Ferroglobin,حديد- فيتامين C,مكمل غذائي لزيادة مستوى الحديد في الدم,قرص واحد يوميًا,قد يسبب اضطرابات هضمية أو إمساك.
فولتارين - Voltaren,ديكلوفيناك,مضاد للالتهابات ومسكن للألم,25-50 mg يوميًا,قد يسبب تهيجًا للمعدة أو نزيفًا.
سيفينال - Sevenal,سودوإيفيدرين- كلورفينيرامين,مضاد للاحتقان وعلاج أعراض الزكام,قرص واحد كل 4-6 ساعات,قد يسبب تفاعلات مع الأدوية الأخرى التي تؤثر على القلب.
ميكرودين - Microdine,ميكروسبورين,مضاد للفطريات,أخذ كبسولة واحدة يوميًا,قد يسبب اضطرابات هضمية.
جرووفين - Groofen,إيبوبروفين,مسكن للألم وخافض للحرارة,200 mg كل 4-6 ساعات,قد يسبب اضطرابًا في المعدة. لا يُستخدم في حالات القرحة المعدية.
زيما - Zima,فينيل إيفيدرين- باراسيتامول,علاج نزلات البرد والاحتقان,قرص واحد كل 4 ساعات,تجنب الجرعة الزائدة.
أولفاز - Olfaz,مضاد للفطريات,علاج الفطريات الجلدية والقدم الرياضي,تطبيق موضعي مرة أو مرتين يوميًا,قد يسبب تهيجًا بسيطًا في البداية.
فيرماكس - Vermax,مبيد للديدان,علاج ديدان الأمعاء,قرص واحد يوميًا لمدة 3 أيام,قد يسبب غثيانًا أو صداعًا.
كالسيوم ستار - Calcium Star,كالسيوم,مكمل غذائي لدعم صحة العظام,1-2 قرص يوميًا,قد يسبب إمساكًا في بعض الحالات.
بيودال - Biodal,فيتامين D3,مكمل غذائي لزيادة مستوى فيتامين D في الجسم,1-2 قطرة يوميًا,يجب تجنب الجرعات الزائدة.
بروموفارم - Bromofarm,برومهيكسين,مذيب للبلغم وعلاج السعال,8 mg مرتين يوميًا,قد يسبب اضطرابات هضمية أو غثيان.
تراسيف - Terasiv,أمبروكسول,مذيب للبلغم وعلاج السعال,10-30 mg يوميًا,قد يسبب تفاعلات مع أدوية أخرى.
أوفيد - Ovid,فلودوكسيتين,مساعد في علاج السعال الجاف,10 mg يوميًا,قد يسبب جفاف الفم أو اضطرابات في النوم.
فيسال - Visal,باراسيتامول- كافيين,مضاد للصداع وآلام الجسم,500 mg كل 4-6 ساعات,تجنب الجرعة الزائدة.
ميكورال - Micoral,مضاد للفطريات,علاج التهابات الفم والفطريات,قرص واحد يوميًا,قد يسبب طفحًا جلديًا في بعض الحالات.
سيتافين - Cetaphen,مضاد للفيروسات,علاج نزلات البرد والإنفلونزا,قرص واحد يوميًا,قد يسبب اضطرابات في المعدة.
فيتامين سي - Vitamin C,حمض الأسكوربيك,مكمل غذائي لتحسين المناعة,500 mg يوميًا,قد يسبب اضطرابات في المعدة في بعض الحالات.
ميوكوسولفان - Mucosolvan,أمبروكسول,مذيب للبلغم,10 mg مرتين يوميًا,قد يسبب غثيانًا أو اضطرابات هضمية.
بروفين - Brofen,إيبوبروفين,مسكن للألم وخافض للحرارة,200-400 mg كل 4-6 ساعات,قد يسبب تهيجًا في المعدة.
ريمديسيفير - Remdesivir,ريمديسيفير,مضاد للفيروسات لعلاج COVID-19,تحت إشراف طبي,يجب استخدامه بحذر مع مرضى الكبد والكلى.
دواء شاي الأعشاب - Herbal Tea,شاي أعشاب,مساعد في علاج الهضم وتحسين النوم,1 كوب يوميًا,قد يسبب تفاعلات مع الأدوية الأخرى.
بانادول بلس - Panadol Plus,باراسيتامول- كافيين,مسكن للألم وخافض للحرارة,500 mg كل 4-6 ساعات,تجنب الجرعة الزائدة.
برايموس - Primus,مينثول,علاج الاحتقان الأنفي,رش في الأنف حسب الحاجة,قد يسبب تهيجًا في الأنف إذا استخدم بشكل مفرط.
جينيرا - Genera,ميترونيدازول,مضاد للبكتيريا والفطريات,500 mg يوميًا,قد يسبب اضطرابات في المعدة أو صداع.
سيفوفلور - Sevoflurane,سيفوفلورين,مخدر عام,تحت إشراف طبي,يجب مراقبة المرضى الذين لديهم مشاكل في التنفس أو القلب.
بليكا - Plica,باراسيتامول- كافيين,مساعد في تخفيف الآلام والصداع,500 mg كل 4-6 ساعات,تجنب الجرعة الزائدة.
نيوفاست - Newfast,بندازول,مضاد للفطريات,1-2 قرص يوميًا,قد يسبب اضطرابات في المعدة أو الدوخة.
ريفريش - Refresh,حمض الهيالورونيك,قطرات للعين لعلاج جفاف العين,1-2 نقطة في العين المصابة حسب الحاجة,قد يسبب تهيجًا في العين إذا تم استخدامه بشكل مفرط.
ليفي - Levi,ليفوسيتريزين,مضاد للحساسية,5 mg مرة يوميًا,قد يسبب النعاس في بعض الحالات.
أبوتريكس - Abutrix,ديكلوفيناك,مضاد للالتهابات ومسكن للألم,50 mg يوميًا,قد يسبب تهيجًا في المعدة.
بروسبيد - Prospid,سودوإيفيدرين,مضاد للاحتقان,1 قرص كل 4-6 ساعات,قد يسبب زيادة في ضغط الدم.
أوكسيكون - Oxycon,أوكسيدوكون,مساعد في علاج السعال الجاف,5 mg مرتين يوميًا,قد يسبب نعاسًا أو تأثيرًا على التركيز.
مينثوميد - Menthomid,مينثول,علاج الزكام والعطس,تطبيق موضعي حسب الحاجة,قد يسبب تهيجًا موضعيًا في الجلد.
تيكول - Ticol,تيكلوبيدين,مساعد في الوقاية من تجلط الدم,75 mg مرة يوميًا,يجب تجنب استخدامه مع أدوية أخرى مضادة للتجلط.
باراسيتامول بلس - Paracetamol Plus,باراسيتامول- كافيين,مسكن للألم وخافض للحرارة,500 mg كل 4-6 ساعات,تجنب الجرعة الزائدة لتجنب مشاكل الكبد.
جيبا - Giba,تريميثوبريم,مضاد للبكتيريا,200 mg يوميًا,قد يسبب اضطرابات في المعدة أو الغثيان.
سيتاماكس - Cetamax,سيتالوبرام,مضاد للاكتئاب والقلق,10-20 mg يوميًا,قد يسبب اضطرابات في النوم أو جفاف الفم.
بروفينك - Brofink,إيبوبروفين,مسكن للألم وخافض للحرارة,200-400 mg كل 4-6 ساعات,قد يسبب تهيجًا في المعدة. يجب تجنب الاستخدام طويل الأمد.
ألفا كونجيست - Alpha Congest,سودوإيفيدرين- كلورفينيرامين,علاج احتقان الأنف والتخفيف من أعراض البرد,قرص واحد كل 4-6 ساعات,يجب الحذر مع مرضى القلب وارتفاع ضغط الدم.
كيتوفين - Ketofen,ديكلوفيناك,مضاد للالتهابات ومسكن للألم,50 mg يوميًا,قد يسبب اضطرابًا في المعدة. يجب استخدامه بحذر مع مرضى القرحة المعدية.
أمبروفين - Amrofen,إيبوبروفين,مسكن للألم وخافض للحرارة,200-400 mg كل 4-6 ساعات,قد يسبب تهيجًا في المعدة أو الدوخة.
أداسيل - Adacil,سودوإيفيدرين,مضاد للاحتقان الأنفي,1 قرص كل 4-6 ساعات,قد يسبب زيادة في ضغط الدم.
ماكسين - Maxin,أمبروكسول,مذيب للبلغم وعلاج السعال,10-20 mg مرتين يوميًا,قد يسبب اضطرابات هضمية أو غثيان.
أوسيفلوكساسين - Ofloxacin,أوسيفلوكساسين,مضاد للبكتيريا,200 mg يوميًا,يجب تجنب الاستخدام مع بعض الأدوية الأخرى مثل مكملات الحديد.
ألبينتا - Alpenta,ألبيترول,موسع للشعب الهوائية,1-2 استنشاق يوميًا,قد يسبب تهيجًا في الحلق أو السعال.
ترايكرون - Trikron,فيتامين C,مكمل غذائي لتحسين المناعة,500 mg يوميًا,قد يسبب اضطرابات في المعدة في بعض الحالات.
أركوكسيا - Arcoxia,إيتودولاك,مضاد للالتهابات ومسكن للألم,60 mg يوميًا,قد يسبب تهيجًا في المعدة. يجب تجنب استخدامه لفترات طويلة.
فلوكسيتين - Fluoxetine,فلوكسيتين,مضاد للاكتئاب,20 mg يوميًا,قد يسبب اضطرابات في النوم أو جفاف الفم.
دولور - Dolor,ديكلوفيناك,مضاد للالتهابات ومسكن للألم,50 mg يوميًا,قد يسبب مشاكل في المعدة أو نزيفًا.
إيفاكو - Evaco,أمبروكسول,مذيب للبلغم وعلاج السعال,10-30 mg يوميًا,قد يسبب الغثيان أو اضطرابًا في المعدة.
ديسبرين - Disprin,أسبرين,مضاد للألم وخافض للحرارة,500 mg كل 4-6 ساعات,قد يسبب مشاكل في المعدة.
فيريال - Viral,أوسيلتاميفير,مضاد للإنفلونزا,75 mg مرتين يوميًا لمدة 5 أيام,يجب استخدامه في بداية ظهور الأعراض.
كوفنتين - Coventin,جابابنتين,علاج الألم العصبي,300 mg يوميًا,قد يسبب دوارًا أو نعاسًا.
برونكوتين - Broncotin,أمبروكسول,مساعد في التخلص من البلغم,10-20 mg مرتين يوميًا,قد يسبب اضطرابات هضمية أو غثيان.
ميتابول - Metabol,ميتفورمين,مساعد في علاج السكري من النوع 2,500 mg يوميًا مع الوجبات,قد يسبب اضطرابات هضمية في البداية.
سيفامول - Cefamol,أموكسيسيلين,مضاد حيوي,500 mg يوميًا,يجب تجنب الاستخدام المفرط لتجنب مقاومة البكتيريا.
ريبافيرين - Ribavirin,ريبافيرين,مضاد للفيروسات,200 mg مرتين يوميًا,قد يسبب مشاكل في المعدة أو الغثيان.
ترادول - Tradol,ترامادول,مسكن للألم الشديد,50-100 mg كل 4-6 ساعات,يجب استخدامه بحذر مع المرضى الذين يعانون من مشاكل في التنفس أو القلب.
سيتريزين - Cetirizine,سيتريزين,مضاد للحساسية,10 mg يوميًا,قد يسبب النعاس أو جفاف الفم.
ديبوماكس - Depomax,ميثيل بريدنيزولون,مضاد للالتهابات,4-24 mg يوميًا حسب الحالة,يجب مراقبة مستويات السكر في الدم أثناء العلاج.
نيو هيلث - New Health,مكمل غذائي,مساعد في دعم المناعة والصحة العامة,1 قرص يوميًا,قد يسبب اضطرابات هضمية في بعض الحالات.
جوايفينيزين - Guaifenesin,جوايفينيزين,مذيب للبلغم,200 mg مرتين يوميًا,قد يسبب اضطرابات في المعدة أو غثيان.
إستيل سيستين - Acetylcysteine,أستيل سيستين,مساعد في علاج البلغم,600 mg يوميًا,قد يسبب اضطرابات هضمية أو غثيان.
ريفيرين - Reverin,ريفيرين,مضاد للفيروسات,200 mg يوميًا,يجب تجنب التفاعلات مع أدوية أخرى.
سوليو - Solio,فيتامين D3,مكمل غذائي لدعم صحة العظام,1-2 كبسولة يوميًا,يجب تجنب الجرعات الزائدة.
جلوكوزامين - Glucosamine,جلوكوزامين,مكمل غذائي لتحسين صحة المفاصل,500 mg مرتين يوميًا,قد يسبب اضطرابات هضمية في بعض الحالات.
كيو في كريم - QV Cream,زيوت طبيعية- فيتامين E,مرطب للبشرة الجافة,تطبيق موضعي حسب الحاجة,يجب تجنب استخدامه مع البشرة المتحسسة.
بيبانثين - Bepanthen,ديكسابنثينول,مساعد في علاج الجروح والحروق الطفيفة,تطبيق موضعي مرتين يوميًا,قد يسبب تهيجًا في البشرة الحساسة.
كريم اكوافور - Aquaphor Healing Ointment,بارافين- شمع العسل,مرطب للبشرة الجافة والملتهبة,تطبيق طبقة رقيقة مرتين يوميًا,يجب تجنب التعرض للشمس بعد الاستخدام مباشرة.
إيزابيلين - Eazolene,ألوفيرا- فيتامين E,علاج للبشرة المتضررة من الشمس,تطبيق موضعي مرتين يوميًا,قد يسبب تحسسًا للبشرة الحساسة.
زيت جونسون للأطفال - Johnson's Baby Oil,زيت معدني- عطر,مرطب للأطفال والبشرة الحساسة,تطبيق موضعي حسب الحاجة,قد يسبب تهيجًا في البشرة الحساسة.
مستحضرات فيشي - Vichy,ماء حراري- حمض الهيالورونيك,مساعد في ترطيب البشرة وحمايتها من العوامل البيئية,تطبيق موضعي يوميًا,قد يسبب تحسسًا في البشرة الحساسة.
لاكتو كير - Lacto Care,حمض اللاكتيك,مقشر للبشرة ويعمل على تفتيحها,تطبيق موضعي ليلاً,قد يسبب جفافًا أو احمرارًا في البشرة في البداية.
نيوتروجينا - Neutrogena,نيتروجين- أحماض الفواكه,مقشر للبشرة الدهنية والمختلطة,تطبيق موضعي مرتين يوميًا,قد يسبب تهيجًا في الجلد الجاف.
بانثينول - Panthenol,ديكسابنثينول,مرطب للبشرة الجافة ويعزز التئام الجروح,تطبيق موضعي مرتين يوميًا,قد يسبب حساسية جلدية في بعض الحالات.
بيوديرما - Bioderma,خلاصة نباتية- ماء حراري,مساعد في تجديد البشرة وحمايتها من الملوثات,تطبيق موضعي يوميًا,قد يسبب تهيجًا في البشرة الحساسة.
أفين - Avene,ماء حراري- أحماض أمينية,مساعد في ترطيب البشرة الجافة والتالفة,تطبيق موضعي حسب الحاجة,يجب تجنب استخدامه مع البشرة المتحسسة جدًا.
ديرما سكين - Derma Skin,زيوت طبيعية- فيتامين E,مساعد في علاج جفاف البشرة والتشققات,تطبيق موضعي حسب الحاجة,قد يسبب بعض التحسس في حالات البشرة الحساسة.
كير باي - Care By,شمع العسل- فيتامين A,علاج للبشرة الجافة والمتهيجة,تطبيق موضعي مرتين يوميًا,قد يسبب تهيجًا إذا كانت البشرة حساسة.
هيرب كريم - Herb Cream,مستخلصات نباتية- زيت زيتون,علاج للبشرة الجافة والشقوق,تطبيق موضعي يوميًا,قد يسبب بعض الحساسية إذا كانت البشرة حساسة.
بانثينول كريم - Bepanthen Cream,ديكسابنثينول,مساعد في التئام الجروح وعلاج التهيج,تطبيق موضعي مرتين يوميًا,يجب تجنب استخدامه في حالة وجود حساسية للمنتج.
سودو كريم - Sudocrem,زنك- بنزيل بنزوات,مساعد في علاج الحروق الطفيفة والتهاب الجلد,تطبيق موضعي على الجلد المصاب,قد يسبب تهيجًا للبشرة الحساسة.
أوتوماكس كريم - Otomax Cream,مضاد حيوي- كورتيكوستيرويد,علاج التهابات الجلد,تطبيق موضعي حسب الحاجة,يجب تجنب استخدامه مع الجروح المفتوحة.
تريميديرم - Trimiderm,تريامسينولون,مضاد للفطريات والتهابات الجلد,تطبيق موضعي مرتين يوميًا,قد يسبب بعض الجفاف أو التهيج للبشرة الحساسة.
أكتينون - Actinon,حمض الهيالورونيك,مرطب للبشرة الجافة والمتشققة,تطبيق موضعي يوميًا,قد يسبب احمرارًا للبشرة في البداية.
بيو ديرما - Bioderma,سيراميد- أحماض دهنية,مساعد في حماية وترطيب البشرة الجافة,تطبيق موضعي يوميًا,قد يسبب تهيجًا في البشرة الحساسة.
فيفا بيوتي - Viva Beauty,فيتامين C- زيت ليمون,مساعد في تفتيح البشرة وتقليل التصبغات,تطبيق موضعي يوميًا,قد يسبب بعض التهيج للبشرة الحساسة.
سيكابيو - Cicabio,زنك- حمض الهيالورونيك,مساعد في التئام الجروح وحماية البشرة,تطبيق موضعي مرتين يوميًا,قد يسبب تهيجًا للبشرة إذا تم استخدامه على الجروح المفتوحة.
جلاسيرين - Glycerin,جلسرين,مرطب للبشرة الجافة,تطبيق موضعي يوميًا,قد يسبب تهيجًا في بعض حالات البشرة الحساسة.
جل الألوفيرا - Aloe Vera Gel,ألوفيرا,علاج للبشرة المتضررة من الشمس,تطبيق موضعي حسب الحاجة,قد يسبب تهيجًا في بعض الأحيان إذا كانت البشرة حساسة.
سيتافيل للوجه - Cetaphil Face,فيتامين E- خلاصة نباتية,منظف ومرطب للبشرة,تطبيق موضعي يوميًا,لا يستخدم مع البشرة التي تحتوي على جروح مفتوحة.
هيمالايا كريم - Himalaya Cream,ألوفيرا- عسل,مرطب للبشرة ومساعد في علاج الجفاف,تطبيق موضعي حسب الحاجة,قد يسبب تهيجًا في البشرة الحساسة.
لوسيون سبا - Spa Lotion,زيت اللوز- زيت الزيتون,مرطب للبشرة الجافة والمتشققة,تطبيق موضعي يوميًا,قد يسبب بعض التحسس في البشرة الحساسة.
فولتا كريم - Volta Cream,زيوت طبيعية- أحماض أمينية,علاج لتجاعيد البشرة والجفاف,تطبيق موضعي يوميًا,قد يسبب تهيجًا بسيطًا للبشرة في البداية.
ألبا - Alba,زيت جوز الهند- ألوفيرا,مرطب ومساعد في علاج التهابات البشرة,تطبيق موضعي حسب الحاجة,قد يسبب تهيجًا في البشرة الحساسة.
هايدرا بوست - Hydra Boost,حمض الهيالورونيك- فيتامين E,مرطب للبشرة الجافة ويحسن مرونتها,تطبيق موضعي يوميًا,قد يسبب تهيجًا في بعض الحالات.
نيوتروجينا - Neutrogena Hydro Boost,حمض الهيالورونيك,مرطب للبشرة الدهنية والجافة,تطبيق موضعي يوميًا,قد يسبب بعض التهيج إذا كانت البشرة حساسة.
مونيكا - Monica,ماء الورد- فيتامين E,مرطب للبشرة ويقلل من التجاعيد,تطبيق موضعي يوميًا,قد يسبب تهيجًا في بعض أنواع البشرة الحساسة.
هيالوجين - Hyalojin,حمض الهيالورونيك,مساعد في ترطيب البشرة وإعادة تجديد خلاياها,تطبيق موضعي يوميًا,قد يسبب احمرارًا طفيفًا في بعض الأحيان.
جلو فيكس - Glow Fix,فيتامين C- حمض الهيالورونيك,مساعد في تفتيح البشرة وتقليل التصبغات,تطبيق موضعي يوميًا,قد يسبب بعض التهيج عند أول استخدام.
هيمالايا كريم - Himalaya Herbals,مستخلصات عشبية- فيتامين E,مرطب للبشرة وحامي ضد الملوثات,تطبيق موضعي يوميًا,قد يسبب حساسية للبشرة الحساسة.
كالوسير - Calocer,زيت اللوز الحلو- فيتامين E,مساعد في علاج جفاف البشرة وتقشير الجلد الميت,تطبيق موضعي يوميًا,قد يسبب تهيجًا للبشرة إذا كانت حساسة.
ترايتينوئين كريم - Tretinoin Cream,تريتينوين,مساعد في علاج حب الشباب والتجاعيد,تطبيق موضعي في المساء,قد يسبب جفافًا أو احمرارًا في البشرة في البداية.
فيرسيا كريم - Versia Cream,مستخلصات طبيعية- فيتامين E,علاج للبشرة الجافة والمتشققة,تطبيق موضعي مرتين يوميًا,قد يسبب تهيجًا في بعض الحالات.
سبوت كريم - Spot Cream,مكونات مبيضة- فيتامين C,مساعد في تفتيح البقع الداكنة على البشرة,تطبيق موضعي مرتين يوميًا,قد يسبب تهيجًا أو احمرارًا في البشرة الحساسة.
نيوتروجينا شامبو - Neutrogena Shampoo,سلفيد السيلينيوم,شامبو لعلاج قشرة الشعر وحكة فروة الرأس,استخدام مرتين أسبوعيًا,قد يسبب جفافًا لفروة الرأس إذا تم استخدامه بشكل مفرط.
ريجين - Regain,مينوكسيديل,علاج لتساقط الشعر وتعزيز نموه,تطبيق موضعي مرتين يوميًا,قد يسبب تهيجًا في فروة الرأس في بعض الحالات.
دوف شامبو - Dove Shampoo,زيت الأرجان,شامبو مرطب يعزز صحة الشعر الجاف والمتقصف,استخدام يومي,قد يسبب تهيجًا لفروة الرأس الحساسة.
فيفيدول - Vividol,بروفيتامين B5,شامبو يساعد في تقوية الشعر وحمايته من التكسر,استخدام مرتين أسبوعيًا,قد يسبب جفافًا في الشعر إذا تم استخدامه بكثرة.
كيراستاز - Kerastase,زيوت طبيعية,شامبو يعيد لمعان الشعر ويحسن مرونته,استخدام يوميًا أو حسب الحاجة,يجب تجنب استخدامه مع الشعر التالف بشكل كبير.
هيدرا برو - Hydra Pro,حمض الهيالورونيك,شامبو مرطب يعزز نمو الشعر ويعالج الجفاف,استخدام يوميًا,قد يسبب تهيجًا إذا كان الشعر حساسًا.
أويدرم - Oiderm,زيت الأرغان,شامبو لتغذية الشعر الجاف والضعيف,استخدام مرتين أسبوعيًا,قد يسبب تهيجًا لفروة الرأس الحساسة.
فيتشي - Vichy Dercos,سلينيوم سلفايد,شامبو مضاد للقشرة والشعر الدهني,استخدام يوميًا,قد يسبب تهيجًا في بعض الحالات.
شامبو نيتروجينا - Neutrogena T/Gel,قطران الفحم,علاج للقشرة والفروة المتهيجة,استخدام مرة واحدة يوميًا,قد يسبب جفاف فروة الرأس إذا تم استخدامه بشكل مفرط.
شامبو بانتين - Pantene Shampoo,برو فيتامين B5,شامبو لتقوية الشعر وحمايته من التساقط,استخدام يوميًا,قد يسبب جفافًا للشعر في بعض الحالات.
ديرما جلوب - Derma Glow,ألوفيرا,علاج لترطيب وتغذية فروة الرأس,استخدام مرتين أسبوعيًا,قد يسبب تهيجًا في فروة الرأس الحساسة.
سوبربات - Superbat,فيتامين E,شامبو مرطب يعزز نمو الشعر ويمنع التقصف,استخدام يوميًا,قد يسبب تهيجًا لفروة الرأس في بعض الحالات.
أمبرلوس - Ambrolos,زيت جوز الهند,شامبو مغذي يعالج الشعر الجاف والمتقصف,استخدام مرتين أسبوعيًا,قد يسبب حساسية في بعض الحالات.
ريتوكس - Retox,زيت الزيتون,شامبو يعزز من صحة الشعر ويمنع تقصفه,استخدام يوميًا,قد يسبب تهيجًا في فروة الرأس الحساسة.
شامبو أكوا - Aqua Shampoo,حمض الهيالورونيك,شامبو مرطب للبشرة والشعر الجاف,استخدام يوميًا,قد يسبب تهيجًا في فروة الرأس الجافة.
بيوديرما - Bioderma,زيت الأركان,شامبو مغذي يعزز الشعر الجاف والمتقصف,استخدام يوميًا,قد يسبب حساسية في بعض الحالات.
شامبو كاتيل - Katel Shampoo,زيت الجوجوبا,شامبو مرطب ومعزز للشعر,استخدام يوميًا,قد يسبب تهيجًا إذا تم استخدامه بشكل مفرط.
شامبو سيسلي - Sisley Shampoo,مستخلصات نباتية,شامبو مغذي يساهم في علاج الشعر التالف,استخدام يوميًا,قد يسبب تهيجًا في الشعر الحساسة.
نيللو - Nello,كيراتين,شامبو يعيد بناء الشعر التالف,استخدام مرتين أسبوعيًا,قد يسبب جفاف الشعر إذا تم الإفراط في استخدامه.
توين - Twin Shampoo,ماء الزهور,شامبو مرطب يحسن جودة الشعر ويمنع جفافه,استخدام يوميًا,قد يسبب تهيجًا في فروة الرأس الحساسة.
جونيور بيو - Junior Bio,زيت اللوز,شامبو للأطفال يحافظ على صحة شعر الطفل,استخدام يوميًا,قد يسبب تهيجًا إذا تم استخدامه بشكل مفرط.
تريتو - Trito,مستخلصات عشبية,شامبو يساعد في تنشيط نمو الشعر وتقويته,استخدام يوميًا,قد يسبب بعض التهيج لفروة الرأس الحساسة.
شامبو شاري - Shari Shampoo,زيت السمسم,شامبو مغذي يعالج الشعر الجاف والتالف,استخدام يوميًا,قد يسبب حساسية في بعض الحالات.
تريسمي - TRESemmé,برو فيتامين B5,شامبو مغذي يعيد قوة الشعر وحيويته,استخدام يوميًا,قد يسبب جفافًا للشعر في بعض الحالات.
شامبو ديرماكول - Dermacol Shampoo,حمض الهيالورونيك,شامبو مرطب يعزز نمو الشعر ويعالج التقصف,استخدام يوميًا,قد يسبب تهيجًا في فروة الرأس الحساسة.
شامبو كينيا - Kenya Shampoo,زيت جوز الهند,شامبو مرطب يساعد في معالجة الشعر الجاف,استخدام يوميًا,قد يسبب تهيجًا في فروة الرأس الحساسة.
شامبو هيربال - Herbal Shampoo,مستخلصات طبيعية,شامبو يعزز صحة الشعر ويعالج التساقط,استخدام يوميًا,قد يسبب جفافًا إذا تم الإفراط في استخدامه.
شامبو لوريال - L'Oreal Shampoo,مستخلصات نباتية,شامبو يعزز الشعر ويحسن صحته العامة,استخدام يوميًا,قد يسبب حساسية لبعض الأشخاص.
شامبو فيتشي - Vichy Dercos Shampoo,سيلينيوم سلفايد,شامبو مضاد لقشرة الشعر وفروة الرأس المتهيجة,استخدام يوميًا,قد يسبب تهيجًا لفروة الرأس الجافة.
شامبو بيوتي هير - Beauty Hair Shampoo,زيت الأرجان,شامبو مرطب يعزز نمو الشعر ويعالج التقصف,استخدام يوميًا,قد يسبب تهيجًا في الشعر الجاف.
ديرماكوب - Dermacob,زيت اللوز,شامبو مرطب يعيد الترطيب لشعر الجاف,استخدام يوميًا,قد يسبب حساسية إذا تم استخدامه مع البشرة الحساسة.
شامبو ألفا - Alpha Shampoo,مستخلصات نباتية,شامبو ينشط فروة الرأس ويعزز نمو الشعر,استخدام يوميًا,قد يسبب جفافًا إذا تم الإفراط في استخدامه.
فيتين - Vitin Shampoo,فيتامين E,شامبو مغذي يعزز صحة الشعر,استخدام يوميًا,قد يسبب تهيجًا في بعض الحالات.
شامبو جونيور - Junior Shampoo,ماء الورد,شامبو مخصص للأطفال للحفاظ على صحة شعرهم,استخدام يوميًا,قد يسبب تهيجًا في بعض الحالات.
شامبو تريميل - Trimel Shampoo,زيت الأرجان,شامبو يعيد ترطيب الشعر ويعزز نموه,استخدام يوميًا,قد يسبب تهيجًا في فروة الرأس الحساسة.
شامبو إيفا - Eva Shampoo,فيتامين B5,شامبو مرطب يعزز نمو الشعر,استخدام يوميًا,قد يسبب جفافًا للشعر في بعض الحالات.
ألفا هير - Alpha Hair,زيت جوز الهند,شامبو مغذي يحسن صحة الشعر,استخدام يوميًا,قد يسبب تهيجًا في فروة الرأس الحساسة.
شامبو إيفو - Ivo Shampoo,زيت الأركان,شامبو مرطب يحسن حالة الشعر الجاف,استخدام يوميًا,قد يسبب حساسية للبشرة في بعض الحالات.
هيربال فاين - Herbal Fine,مستخلصات نباتية,شامبو يساعد في تقوية الشعر ويحسن صحته,استخدام يوميًا,قد يسبب تهيجًا في فروة الرأس الحساسة.
شامبو هير بيوتي - Hair Beauty Shampoo,زيت الأرغان,شامبو يعزز لمعان الشعر ويقلل من تقصفه,استخدام يوميًا,قد يسبب تهيجًا في فروة الرأس الحساسة.
شامبو ألوفيرا - Aloe Vera Shampoo,ألوفيرا,شامبو مغذي يساعد في معالجة فروة الرأس الجافة,استخدام يوميًا,قد يسبب تهيجًا إذا كان الشعر حساسًا.
أوميجا 3 - Omega 3,حمض الأوميغا-3 الدهني,مكمل غذائي لدعم صحة القلب والدماغ,1-2 كبسولة يوميًا,يجب استشارة الطبيب إذا كنت تتناول أدوية مضادة لتخثر الدم.
فيتامين د3 - Vitamin D3,فيتامين D3,مكمل غذائي لدعم صحة العظام والمناعة,1000-2000 وحدة دولية يوميًا,يمكن أن يسبب جرعات عالية سمية في الجسم.
كالسيوم - Calcium,كربونات الكالسيوم,مكمل غذائي لدعم صحة العظام والأسنان,1-2 قرص يوميًا,يجب عدم تناوله مع مكملات تحتوي على الحديد في نفس الوقت.
فيتامين C - Vitamin C,حمض الأسكوربيك,مكمل غذائي لتعزيز المناعة ومكافحة الجذور الحرة,500-1000 ملغ يوميًا,قد يسبب اضطرابات هضمية في الجرعات العالية.
ماغنيسيوم - Magnesium,مغنيسيوم,مكمل غذائي لدعم وظائف العضلات والأعصاب,200-400 ملغ يوميًا,قد يسبب إسهالًا في الجرعات العالية.
زنك - Zinc,زنك,مكمل غذائي لدعم المناعة وعلاج نقص الزنك,10-30 ملغ يوميًا,يمكن أن يسبب الغثيان عند تناوله على معدة فارغة.
فيتامين ب12 - Vitamin B12,سيانوكوبالامين,مكمل غذائي لتحسين صحة الأعصاب والدم,250-500 ميكروغرام يوميًا,قد يسبب تفاعلات مع أدوية السكري.
فيتامين E - Vitamin E,توكوفيرول,مكمل غذائي مضاد للأكسدة يدعم صحة الجلد والشعر,100-400 وحدة دولية يوميًا,يمكن أن يزيد من خطر النزيف إذا تم تناوله مع أدوية مضادة للتخثر.
فيتامين A - Vitamin A,ريتينول,مكمل غذائي لدعم صحة العين والجهاز المناعي,2500-5000 وحدة دولية يوميًا,تناول جرعات عالية قد يؤدي إلى التسمم بفيتامين A.
حديد - Iron,حديد,مكمل غذائي لعلاج نقص الحديد وفقر الدم,18 ملغ يوميًا,يجب تناوله مع فيتامين C لتحسين الامتصاص.
أوميجا 6 - Omega 6,حمض اللينوليك,مكمل غذائي لدعم صحة الجلد والشعر,1-2 كبسولة يوميًا,قد يؤدي الإفراط في تناول أوميغا 6 إلى التهاب.
فيتامين K2 - Vitamin K2,ميناكينون,مكمل غذائي يدعم صحة العظام والقلب,90-120 ميكروغرام يوميًا,قد يتفاعل مع أدوية مضادة للتخثر.
فيتامين ب1 - Vitamin B1,ثيامين,مكمل غذائي لدعم صحة الأعصاب والطاقة,50-100 ملغ يوميًا,قد يسبب التحسس في بعض الأشخاص.
فيتامين ب2 - Vitamin B2,ريبوفلافين,مكمل غذائي لدعم صحة الجلد والعينين,1.1-1.6 ملغ يوميًا,قد يسبب لونًا أصفر في البول عند تناوله بكميات كبيرة.
حمض الفوليك - Folic Acid,حمض الفوليك,مكمل غذائي لدعم صحة الحمل والنمو الخلوي,400-800 ميكروغرام يوميًا,يجب استشارة الطبيب قبل تناوله إذا كنت حاملاً أو مرضعة.
بيوتين - Biotin,بيوتين,مكمل غذائي لتعزيز صحة الشعر والجلد والأظافر,30-100 ميكروغرام يوميًا,قد يسبب تفاعلات مع بعض أدوية الغدة الدرقية.
أحماض أمينية - Amino Acids,أحماض أمينية أساسية,مكمل غذائي لتحسين بناء العضلات وزيادة الطاقة,1-2 كبسولة يوميًا,قد يسبب زيادة في الوزن عند الإفراط في تناولها.
كرياتين - Creatine,كرياتين,مكمل غذائي لتحسين الأداء الرياضي وزيادة القوة العضلية,3-5 غرامات يوميًا,يمكن أن يؤدي إلى احتباس الماء في الجسم.
كولاجين - Collagen,كولاجين,مكمل غذائي لدعم صحة الجلد والمفاصل,2.5-10 غرامات يوميًا,قد يسبب بعض الطفح الجلدي عند الأشخاص الحساسين.
زيت كبد الحوت - Cod Liver Oil,حمض الأوميغا-3 وفيتامين A وD,مكمل غذائي لدعم صحة القلب والعظام,1-2 كبسولة يوميًا,يجب تجنب الجرعات العالية لتجنب سمية فيتامين A.
ألفا ليبويك أسيد - Alpha Lipoic Acid,ألفا ليبويك أسيد,مكمل غذائي مضاد للأكسدة يساعد في حماية الخلايا,300-600 ملغ يوميًا,قد يسبب انخفاضًا في مستويات السكر في الدم.
نيوترشنال - Nutritional,فيتامينات ومعادن,مكمل غذائي لدعم الصحة العامة,قرص واحد يوميًا,قد يسبب تحسسًا لدى الأشخاص الذين يعانون من حساسية تجاه مكونات معينة.
إيفيدرا - Ephedra,إفيدرين,مكمل غذائي لزيادة الطاقة وفقدان الوزن,يجب استشارة الطبيب قبل الاستخدام,يجب تجنب تناوله مع الأدوية الأخرى التي تؤثر على ضغط الدم.
غارسينيا كامبوغيا - Garcinia Cambogia,حمض الهيدروكسي سيتريك,مكمل غذائي للتخسيس وتقليل الشهية,500 ملغ 3 مرات يوميًا,قد يسبب اضطرابات في المعدة عند بعض الأشخاص.
مغنيسيوم - Magnesium,مغنيسيوم,مكمل غذائي لدعم صحة العظام والعضلات,200-400 ملغ يوميًا,قد يسبب إسهالًا في الجرعات العالية.
كارنيتين - Carnitine,L-كارنيتين,مكمل غذائي لتحسين حرق الدهون وزيادة الطاقة,500-2000 ملغ يوميًا,قد يسبب تفاعلات مع أدوية الغدة الدرقية.
سبيرولينا - Spirulina,سبيرولينا,مكمل غذائي غني بالبروتينات والمعادن,1-2 جرام يوميًا,قد يسبب تفاعلات مع أدوية مضادة للجلطات.
جوجوبا - Jojoba,زيت الجوجوبا,مكمل غذائي لتحسين صحة الجلد والشعر,1-2 كبسولة يوميًا,قد يسبب حساسية لدى الأشخاص الذين لديهم حساسية تجاه الجوجوبا.
غوايا - Guava,مستخلص الغوايا,مكمل غذائي لتحسين صحة الجهاز المناعي,1 كبسولة يوميًا,قد يسبب اضطرابات هضمية عند بعض الأشخاص.
الشاي الأخضر - Green Tea,مستخلص الشاي الأخضر,مكمل غذائي لدعم عملية الأيض والتخسيس,1-2 كبسولة يوميًا,قد يسبب بعض التفاعلات مع أدوية ضغط الدم.
خلاصة العنب - Grape Seed Extract,مستخلص بذور العنب,مكمل غذائي مضاد للأكسدة يحسن صحة القلب,100-200 ملغ يوميًا,قد يسبب تفاعلات مع أدوية مضادة للتخثر.
كوإنزيم Q10 - CoQ10,كوإنزيم Q10,مكمل غذائي لتحسين الطاقة وصحة القلب,30-200 ملغ يوميًا,قد يسبب انخفاضًا في ضغط الدم عند بعض الأشخاص.
غلوكومانان - Glucomannan,غلوكومانان,مكمل غذائي يساعد في إنقاص الوزن,1 كبسولة 3 مرات يوميًا قبل الوجبات,قد يسبب مشاكل هضمية في بعض الحالات.
شاي الماتشا - Matcha Tea,مستخلص الماتشا,مكمل غذائي مضاد للأكسدة يساعد في زيادة الطاقة,1-2 كوب يوميًا,قد يسبب اضطرابات في النوم عند تناوله في المساء.
لبن البودرة - Milk Thistle,مستخلص حليب الشوك,مكمل غذائي يساعد في دعم صحة الكبد,140-420 ملغ يوميًا,قد يسبب اضطرابات في الجهاز الهضمي لدى بعض الأشخاص.
مستخلص الزنجبيل - Ginger Extract,مستخلص الزنجبيل,مكمل غذائي لتحسين الهضم وتقليل الالتهابات,500-1000 ملغ يوميًا,قد يسبب حرقة المعدة عند البعض.
شيتوزان - Chitosan,شيتوزان,مكمل غذائي يساعد في التحكم في الوزن,1-2 كبسولة يوميًا قبل الوجبات,قد يسبب اضطرابات هضمية في بعض الحالات.
بانادول للأطفال - Panadol Kids,باراسيتامول,مسكن للآلام وخافض للحرارة للأطفال,5-10 مل حسب الوزن كل 4-6 ساعات,لا تتجاوز الجرعة الموصى بها.
بروفين للأطفال - Brufen Kids,إيبوبروفين,مضاد للالتهابات وخافض للحرارة للأطفال,5-10 مل حسب الوزن كل 6-8 ساعات,قد يسبب اضطرابات في المعدة عند بعض الأطفال.
فيرو جلوبي - Ferroglobin,حديد,مكمل غذائي لعلاج نقص الحديد وفقر الدم للأطفال,5-10 مل يوميًا,يجب مراقبة الجرعة لتجنب التسمم بالحديد.
ايفي - Evy,هيدروكسي بروميد,مساعد في علاج السعال الجاف للأطفال,ملعقة صغيرة مرتين يوميًا,قد يسبب النعاس أو تهيج في الحلق.
كودايين للأطفال - Codeine for Kids,كودايين,مضاد للسعال للأطفال,1 مل لكل 5 كجم من الوزن,يجب استشارة الطبيب قبل الاستخدام في حالات معينة.
شراب ديوريسال - Durisal Syrup,دوكساميثازون,مضاد للهيستامين يعالج الحساسية للأطفال,ملعقة صغيرة يوميًا,يجب استشارة الطبيب إذا كان الطفل يعاني من مشاكل في الكبد.
زوفيراكس للأطفال - Zovirax,أسيكلوفير,مضاد للفيروسات لعلاج الهربس البسيط لدى الأطفال,حسب توصيات الطبيب,يجب تجنب الاستخدام طويل الأمد بدون استشارة طبية.
ديماتوب - Dimetapp,ديبنهيدرامين,مضاد للحساسية والعطس للأطفال,ملعقة صغيرة مرتين يوميًا,قد يسبب النعاس.
كالسيفيت - Calcevit,فيتامين D3 وكالسيوم,مكمل غذائي للأطفال لدعم صحة العظام,1-2 مل يوميًا,قد يسبب اضطرابات هضمية إذا تم تناول جرعة زائدة.
علاج الكحة تينكيو - Tynkyo Cough Syrup,عسل وزعتر,مساعد في علاج السعال الجاف للأطفال,ملعقة صغيرة مرتين يوميًا,يجب تجنب استخدامه للأطفال دون سن 6 سنوات.
ديسفلاتيل للأطفال - Disflatyl,سيميثيكون,علاج الغازات والانتفاخ للأطفال,5 مل بعد الوجبات إذا لزم الأمر,يجب استشارة الطبيب في حال وجود مشاكل هضمية مزمنة.
شراب ميفا للأطفال - Mifa Syrup,ميفيناميك أسيد,مضاد للالتهابات ومسكن للأطفال,5 مل كل 6 ساعات,يجب عدم تجاوز الجرعة اليومية الموصى بها.
إيدول - Idol,كلورفينيرامين,مضاد للهستامين للأطفال,1 ملعقة صغيرة 3 مرات يوميًا,قد يسبب النعاس.
ميلوكسيكام للأطفال - Meloxicam for Kids,ميلوكسيكام,مضاد التهاب غير ستيرويدي للأطفال,حسب وزن الطفل حسب توجيهات الطبيب,يجب استخدامه بحذر للأطفال الذين يعانون من أمراض الكبد أو الكلى.
سبازمومين للأطفال - Spasmomine,ميبيفيرين,مضاد للتقلصات للأطفال,ملعقة صغيرة 2-3 مرات يوميًا,قد يسبب اضطرابات في الجهاز الهضمي.
أدول للأطفال - Adol,باراسيتامول,مسكن للآلام وخافض للحرارة للأطفال,حسب وزن الطفل- كل 4-6 ساعات,لا تتجاوز الجرعة الموصى بها.
توسكان للأطفال - Tuscan,هيدروكودون,علاج السعال الجاف للأطفال,1 ملعقة صغيرة مرتين يوميًا,يجب استخدامه بحذر للأطفال الذين يعانون من مشاكل تنفسية.
أميكال - Amical,أمبروكسول,مساعد في علاج السعال المصحوب بالبلغم للأطفال,ملعقة صغيرة مرتين يوميًا,يجب استشارة الطبيب في حال استمرار الأعراض.
سولفات الأطفال - Sulfat Kids,سلفات النحاس,مكمل غذائي لعلاج نقص المعادن للأطفال,ملعقة صغيرة يوميًا,لا تتجاوز الجرعة الموصى بها.
بيكوفين للأطفال - Picofen,فينيليفرين,مساعد في تخفيف احتقان الأنف للأطفال,1-2 قطرات في كل فتحة أنف حسب التوجيهات,يجب عدم استخدامها لفترة طويلة بدون استشارة طبية.
سيميتيدين للأطفال - Cimetidine,سيميتيدين,علاج حرقة المعدة وعسر الهضم للأطفال,ملعقة صغيرة مرتين يوميًا,قد يسبب تفاعلات مع أدوية أخرى.
كيربكس للأطفال - Kerbex,بيريدوستغمين,مساعد في علاج الإمساك للأطفال,ملعقة صغيرة يوميًا,يجب مراقبة الجرعة لتجنب الإفراط في استخدامه.
هيلونا - Hilona,أوميبرازول,علاج الحموضة وقرحة المعدة للأطفال,حسب وزن الطفل حسب توجيه الطبيب,يجب تجنب الاستخدام طويل الأمد.
زوتاك للأطفال - Zotac,لوراتادين,مضاد للحساسية والعطس للأطفال,ملعقة صغيرة مرة يوميًا,قد يسبب جفاف في الفم في بعض الحالات.
فينوغريل للأطفال - Phenergan,بروميثازين,مساعد في علاج الحساسية وحمى القش للأطفال,ملعقة صغيرة مرتين يوميًا,قد يسبب النعاس.
اوبكس للأطفال - Opex,أموكسيسيلين,مضاد حيوي لعلاج الالتهابات لدى الأطفال,حسب توجيه الطبيب,يجب استكمال الدورة العلاجية المقررة حتى لو تحسنت الأعراض.
أبيدال - Apidal,ديسلوراتادين,مضاد للحساسية للأطفال,ملعقة صغيرة يوميًا,قد يسبب الدوار عند بعض الأطفال.
كاربوكسيد للأطفال - Carboxid,كاربوبلاتين,مضاد للبكتيريا للأطفال,حسب توجيه الطبيب,يجب استخدامه بحذر للأطفال الذين يعانون من مشاكل الكبد.
رواميد للأطفال - Roamid,إندوميثاسين,مضاد التهاب غير ستيرويدي للأطفال,حسب توجيه الطبيب,يجب عدم استخدامه لفترات طويلة.
فيدال للأطفال - Vidal Kids,كلوريد الصوديوم,مكمل غذائي للأطفال لتعويض الأملاح,حسب توجيه الطبيب,يجب استشارة الطبيب قبل استخدامه إذا كان الطفل يعاني من أمراض الكلى.
أمبيسيلين للأطفال - Ampicillin Kids,أمبيسيلين,مضاد حيوي لعلاج الالتهابات لدى الأطفال,حسب توجيه الطبيب,يجب استكمال العلاج بالكامل حتى لو تحسنت الأعراض.
ميداميد للأطفال - MediMed,ميتوكلوبراميد,علاج الغثيان والقيء للأطفال,ملعقة صغيرة حسب توجيه الطبيب,قد يسبب تفاعلات مع بعض الأدوية.
نيرفول للأطفال - Nerfol,تاموكسيفين,مساعد في علاج الصداع النصفي للأطفال,حسب وزن الطفل حسب توجيه الطبيب,يجب تجنب استخدامه للأطفال الذين يعانون من مشاكل في الكبد.
لوكاست - Lukast,مونتيلوكاست,علاج الربو والتهاب الأنف التحسسي للأطفال,ملعقة صغيرة يوميًا قبل النوم,يجب استشارة الطبيب إذا استمر السعال.
سيكلوفين - Cyclofen,ديكلوفيناك,مضاد التهاب غير ستيرويدي للأطفال,حسب وزن الطفل حسب توجيه الطبيب,قد يسبب اضطرابات في المعدة.
فيروجلوبين للأطفال - Ferroglobin,حديد,مكمل غذائي لعلاج فقر الدم للأطفال,ملعقة صغيرة يوميًا,يجب مراقبة الجرعة لتجنب التسمم بالحديد.
إنفنتو للأطفال - Infanto,فيتامينات ومعادن,مكمل غذائي لدعم نمو الطفل,حسب توصيات الطبيب,يجب مراقبة جرعة الفيتامينات لتجنب التسمم.
كافيكير للأطفال - Caficare,كافيين,مساعد في علاج ضعف التركيز والكسل للأطفال,ملعقة صغيرة حسب توجيه الطبيب,يجب تجنب استخدامه للأطفال الذين يعانون من مشاكل في النوم.
سيفوكسيم للأطفال - Cefoxime,سيفوكسيم,مضاد حيوي لعلاج الالتهابات لدى الأطفال,حسب توجيه الطبيب,يجب إتمام دورة العلاج حتى لو تحسنت الأعراض.
ميتوكلوبراميد للأطفال - Metoclopramide,ميتوكلوبراميد,مساعد في علاج الغثيان والقيء للأطفال,ملعقة صغيرة حسب توجيه الطبيب,قد يسبب تفاعلات مع أدوية أخرى.
إشنسا - Echinacea,إشنسا,مقوي للمناعة للأطفال والكبار,أسبوعيًا حسب توجيهات الطبيب,قد يسبب تفاعلات مع بعض الأدوية المناعية.
فيتامين C - Vitamin C,فيتامين C,دعم المناعة والوقاية من نزلات البرد,500-1000 ملغ يوميًا,جرعة زائدة قد تسبب مشاكل في المعدة.
الزنك - Zinc,زنك,داعم للجهاز المناعي وتحسين صحة الجلد,10-15 ملغ يوميًا,يجب تجنب الجرعات الزائدة لأنها قد تؤثر على امتصاص النحاس.
سيميثيكون - Simethicone,سيميثيكون,علاج الغازات والانتفاخ,1-2 كبسولة بعد الوجبات,قد يسبب بعض الاضطرابات المعوية.
مستخلص الصبار - Aloe Vera,مستخلص الصبار,مفيد للمعدة وعلاج الحموضة,5-10 مل يوميًا,قد يسبب تهيجًا في المعدة لبعض الأشخاص.
أنتا سيد - Antacid,هيدروكسيد المغنيسيوم,مضاد للحموضة وعلاج الحرقان,1-2 قرص بعد الوجبات,يجب تجنب الإفراط في تناول هذه الأدوية.
إنزيمات الهضم - Digestive Enzymes,إنزيمات هضمية,تحسين عملية الهضم,1-2 كبسولة مع الوجبات,قد يتسبب في تفاعلات مع بعض الأدوية الأخرى.
مستخلص الشاي الأخضر - Green Tea Extract,مستخلص الشاي الأخضر,مضاد للأكسدة وتحسين التركيز,300-500 ملغ يوميًا,قد يسبب اضطرابات في المعدة عند بعض الأشخاص.
سبراي سولفاجا - Sulfaga Spray,سولفاجا,مضاد للبكتيريا لعلاج التهابات الحلق,حسب توجيهات الطبيب,يجب عدم استخدامه لفترات طويلة.
غسول الفم كلورهيكسيدين - Chlorhexidine Mouthwash,كلورهيكسيدين,مضاد للبكتيريا في الفم,1-2 مل مع الماء مرتين يوميًا,قد يسبب تهيجًا في الفم إذا استخدم لفترات طويلة.
ستربسلز - Strepsils,أملاح ديكلوكسيد,مسكن للحلق وعلاج التهابات الحلق,1-2 حبة حسب الحاجة,قد يسبب بعض التفاعلات في حالة الإفراط في تناولها.
كلاريناز - Clarinas,لوراتادين,مضاد للحساسية والعطس,ملعقة صغيرة يوميًا,قد يسبب جفاف في الفم في بعض الحالات.
لورينيز - Lorienz,لورينيز,مضاد للهستامين لعلاج الحساسية الموسمية,ملعقة صغيرة مرة يوميًا,يجب تجنب الاستخدام لفترات طويلة دون استشارة الطبيب.
أفيل - Avil,كلورفينيرامين,مضاد للحساسية وعلاج حمى القش,1 ملعقة صغيرة مرتين يوميًا,قد يسبب النعاس عند بعض الأطفال.
دوفاستون - Dovaston,ديكستروميثورفان,علاج السعال الجاف,ملعقة صغيرة كل 4-6 ساعات,قد يسبب النعاس أو الدوار.
فيكس - Vicks,كامفور,مرهم مسكن لاحتقان الأنف وآلام الصدر,وضع طبقة رقيقة على الصدر أو الأنف,لا تستخدم في حالة الجروح أو التهيج الجلدي.
سانسوتيك - Sansotec,ديكستروميثورفان,علاج السعال الجاف والتهاب الحلق,ملعقة صغيرة كل 4-6 ساعات,قد يسبب تفاعلات مع أدوية أخرى.
ميلاتونين - Melatonin,ميلاتونين,مساعد على النوم والتقليل من الأرق,1-3 ملغ قبل النوم,قد يسبب النعاس في النهار إذا تم تناوله في وقت مبكر جدًا.
فاليوم - Valium,ديازيبام,مساعد في علاج الأرق والقلق,حسب توجيه الطبيب,يجب تجنب الاستخدام لفترات طويلة لتجنب التعود.
جنسنغ - Ginseng,جنسنغ,مكمل غذائي لتحسين النشاط والتركيز,200-400 ملغ يوميًا,قد يسبب التهيج في بعض الحالات.
مكملات الكافيين - Caffeine Supplements,كافيين,زيادة التركيز واليقظة,حسب التوجيهات- عادة 100-200 ملغ يوميًا,قد يسبب القلق أو الأرق إذا تم الإفراط في تناوله.
ريتول - Retinol,ريتينول,تحسين صحة البشرة وتقليل التجاعيد,ضعه على البشرة مرة يوميًا قبل النوم,قد يسبب جفاف أو تهيج في البشرة في البداية.
حمض الهيالورونيك - Hyaluronic Acid,حمض الهيالورونيك,ترطيب وتحسين مرونة البشرة,2-3 قطرات يوميًا على البشرة,يجب استخدامه مع كريم مرطب لمنع جفاف البشرة.
زيت الأركان - Argan Oil,زيت الأركان,ترطيب الشعر والبشرة,ضعه على الشعر أو البشرة حسب الحاجة,تجنب استخدامه في حالة الحساسية من المكسرات.
بنزيل بيروكسايد - Benzoyl Peroxide,بنزيل بيروكسايد,علاج حب الشباب وتنظيف المسام,ضعه على المنطقة المصابة مرة أو مرتين يوميًا,قد يسبب جفاف البشرة.
أحماض الألفا هيدروكسي - Alpha Hydroxy Acids,أحماض الفاكهة,مقشر للبشرة وتحسين ملمسها,ضعه على الوجه 2-3 مرات أسبوعيًا,قد يسبب حساسية للبشرة في البداية.
ميثيمازول - Methimazole,ميثيمازول,علاج فرط نشاط الغدة الدرقية,حسب توجيه الطبيب,يجب متابعة وظائف الكبد والكلى أثناء العلاج.
ميبيفرين - Mebeverine,ميبيفرين,مضاد للتقلصات المعوية,1-2 كبسولة قبل الوجبات,قد يسبب جفاف في الفم.
دولوكستين - Duloxetine,دولوكستين,علاج القولون العصبي والاكتئاب,حسب توجيه الطبيب,يجب تجنب التوقف المفاجئ عن تناول الدواء.
جل الانتعاش - Recovery Gel,مستخلص الأعشاب,لتخفيف آلام العضلات بعد التمرين,يستخدم موضعيًا على العضلات المصابة,لا يستخدم على الجروح المفتوحة أو الجلد المتشقق.
الجل المهدئ - Cooling Gel,منتجات طبيعية,لتخفيف آلام العضلات والالتهابات,تطبيقه مباشرة على العضلات المتوترة,قد يسبب تهيج في الجلد في بعض الحالات.
أوميغا 3 - Omega 3,أحماض دهنية أوميغا 3,تحسين صحة القلب والعقل,1000-2000 ملغ يوميًا,قد يسبب رائحة غير مرغوبة للفم أو اضطرابات هضمية في البداية.
قطرات العين - Eye Drops,بولي إيثيلين جليكول,ترطيب العين وعلاج الجفاف,1-2 نقطة في كل عين حسب الحاجة,قد يسبب تهيجًا طفيفًا في البداية.
فيتامين A - Vitamin A,فيتامين A,صحة العين وتحسين البشرة,5000 وحدة دولية يوميًا,يجب عدم تجاوز الجرعة الموصى بها لتجنب التسمم بفيتامين A.
أوميغا 3 - Omega 3,زيت السمك,تحسين وظيفة الدماغ والذاكرة,1-2 كبسولة يوميًا,قد يسبب اضطرابات هضمية في البداية.
سولبادين - Solpadeine,كودايين,مخفف للألم ومسكن,قرص كل 4-6 ساعات حسب الحاجة,قد يسبب إدمانًا إذا استخدم لفترات طويلة.
كلورهكسيدين,كلورهكسيدين,غسول فم مضاد للبكتيريا,يتم استخدامه مرتين يومياً بعد الوجبات,لا يجب ابتلاعه
بيترتيدين,بيترتيدين,غسول فم يحتوي على اليود كمطهر,يستخدم كغسول للفم,يحفظ بعيداً عن العينين
ميثيناميد,ميثيناميد,مطهر للفم مضاد للبكتيريا والفطريات,يتم استخدامه 3 مرات يومياً,لا يستخدم في حالة وجود حساسية لليود
غسول الفم أستافين,زيوت عطرية,غسول يحتوي على الزيوت العطرية ويطهر الفم,يتم استخدامه بعد تنظيف الأسنان,يجب عدم استخدامه للأطفال تحت سن 6 سنوات
غسول الفم دنتا سيل,فلوريد,غسول يحتوي على الفلوريد ويعزز صحة الفم,يستخدم مرة يومياً,يجب عدم بلعه
برونكسيل,زعتر,أقراص استحلاب تحتوي على الزعتر لتخفيف التهابات الحلق,أخذ قرص كل 4 ساعات حسب الحاجة,ممكن أن يسبب حساسية عند بعض الأشخاص
هيلوروبين,نعناع,أقراص استحلاب تحتوي على النعناع للتخفيف من ألم الحلق,أخذ قرص كل 4 ساعات,تجنب الاستخدام المتكرر للمرضى الذين يعانون من حساسية للنعناع
ستربسلز,أميلوم ونعناع,أقراص استحلاب تحتوي على مكونات مسكنة مثل الأميلوم والنعناع,تستخدم عند الحاجة لتخفيف الألم,يمكن أن تسبب تهيج في الفم عند الاستخدام المفرط
جرينتو,أنزيمات,أقراص استحلاب تحتوي على الأنزيمات التي تساعد في تسريع الشفاء,تستخدم كل 6 ساعات,قد تسبب تفاعلات مع بعض الأدوية
كورسيدين,مكونات مضادة للبكتيريا,أقراص استحلاب تحتوي على مكونات مضادة للبكتيريا,تستخدم حسب الحاجة لتخفيف أعراض الحلق,يجب عدم استخدامها للأطفال دون 6 سنوات
ليدوكائين,ليدوكائين,بخاخ مخدر لتخفيف الألم في الحلق,يستخدم 3-4 مرات يومياً,لا يجب استخدامه للأطفال تحت سن 2 سنوات
فينول,فينول,بخاخ يحتوي على فينول لتسكين آلام الحلق,يستخدم حسب الحاجة لتخفيف الألم,لا يجب استخدامه في حالة وجود حساسية للفينول
فلوكوريدين,فلوكوريدين,بخاخ مضاد للبكتيريا والفطريات لتقليل الالتهاب,يستخدم مرة أو مرتين يومياً حسب الحالة,تجنب الاستخدام المستمر لفترات طويلة
ديكلاك,ديكلوفيناك,بخاخ مضاد للالتهاب ومسكن للألم,يستخدم حسب الحاجة لتخفيف الألم,يجب عدم استخدامه لفترات طويلة دون استشارة الطبيب
جافيسكون,مكونات معززة,بخاخ لتهدئة التهابات الحلق وتخفيف الألم,يستخدم حسب الحاجة لتخفيف أعراض الحلق,يجب تجنب استخدامه في حالة وجود حساسية للمكونات
أموكسيسيلين,أموكسيسيلين,مضاد حيوي يستخدم لعلاج التهابات الحلق البكتيرية,يتم استخدامه حسب وصفة الطبيب,يجب استكمال الجرعة حتى لو شعر المريض بالتحسن
بنسلين,بنسلين,يستخدم لعلاج التهاب الحلق الناتج عن بكتيريا,يتم استخدامه حسب وصفة الطبيب,قد يسبب حساسية لبعض الأشخاص
سيفالوسبورين,سيفالوسبورين,مضاد حيوي يستخدم في حالة التهاب اللوزتين,يتم استخدامه حسب وصفة الطبيب,قد يسبب اضطرابات في المعدة
كليندامايسين,كليندامايسين,مضاد حيوي يستخدم لعلاج التهابات الحلق البكتيرية,يتم استخدامه حسب وصفة الطبيب,قد يسبب إسهالاً في بعض الحالات
أزيثروميسين,أزيثروميسين,مضاد حيوي يستخدم لعلاج العدوى التنفسية,يتم استخدامه حسب وصفة الطبيب,قد يسبب آثار جانبية مثل الغثيان أو الدوار
هيدروكورتيزون,هيدروكورتيزون,مرهم مضاد للالتهاب يستخدم لعلاج التهاب الفم,يتم وضعه بشكل موضعي على المنطقة المصابة,قد يسبب تفاعلات مع بعض الأدوية
بانثينول,بانثينول,جل مرطب وملطف يساعد في التئام الجروح,يتم استخدامه بشكل موضعي مرتين يومياً,لا يُستخدم إذا كانت هناك حساسية لأي من مكوناته
ألوفيرا جل,ألوفيرا,يساعد في تهدئة التهاب الفم والتئام الجروح,يستخدم مرتين يومياً حسب الحاجة,يجب تجنب استخدامه في حالة الحساسية للألوفيرا
ميثيل ساليسيلات,ميثيل ساليسيلات,مرهم مضاد للالتهاب,يتم وضعه على المنطقة المصابة 3 مرات يومياً,قد يسبب تهيجاً عند بعض الأشخاص
بيكسول,بيكسول,يستخدم لتخفيف التهابات الفم والحلق,يتم استخدامه مرتين يومياً حسب الحاجة,يجب تجنب الاستخدام الطويل بدون استشارة الطبيب
نيستاتين,نيستاتين,مضاد للفطريات لعلاج القلاع الفموي,يتم استخدامه حسب وصفة الطبيب,لا يُستخدم في حالة الحساسية للفطريات
فلوكونازول,فلوكونازول,مضاد للفطريات يستخدم لعلاج التهابات الفم الفطرية,يتم استخدامه مرة يومياً حسب وصفة الطبيب,قد يسبب آثار جانبية مثل الصداع أو الغثيان
ميكونازول,ميكونازول,يستخدم في حالات القلاع الفموي,يتم استخدامه 3 مرات يومياً,يجب عدم استخدامه للأطفال تحت 6 سنوات
تيربينافين,تيربينافين,مضاد للفطريات يستخدم لعلاج التهابات الفم,يتم استخدامه حسب وصفة الطبيب,قد يسبب اضطرابات في المعدة
إيتراكونازول,إيتراكونازول,مضاد للفطريات يستخدم في حالة العدوى الفطرية في الفم,يتم استخدامه حسب وصفة الطبيب,قد يسبب آثار جانبية في الكبد
فيوسيدين,Fusidic acid,مضاد حيوي موضعي يستخدم في علاج الجروح السطحية ومنع العدوى البكتيرية,يتم استخدامه على الجروح مرة إلى مرتين يومياً,لا يُستخدم على الجروح العميقة أو في حالة الحساسية للمكون الفعّال
بيتادين,Povidone-Iodine,مطهر موضعي يستخدم لتطهير الجروح السطحية والحروق الصغيرة,يتم تطبيقه على الجرح مباشرة بعد التنظيف,يجب تجنب استخدامه في حالات الحساسية لليود
ميبو,مستخلصات طبيعية,يساعد في تسريع التئام الجروح السطحية والأنسجة المصابة,يُستخدم مرتين إلى ثلاث مرات يومياً حسب الحاجة,لا يُستخدم في حالة وجود حساسية للمكونات
ألوفيرا,Aloe Vera,يستخدم لتهدئة الجلد المتهيج ويحسن عملية الشفاء,يتم تطبيقه بشكل موضعي على الجرح مرتين يومياً,لا يُستخدم في حالة الحساسية للألوفيرا
بانديرم,مكونات طبيعية,يستخدم لتعقيم الجروح وحمايتها من العدوى,يتم وضعه على الجرح مباشرة,يجب تجنب وضعه على الجروح العميقة أو المفتوحة بشكل واسع
سولكوسيريل,Solcoseryl,يساعد في تسريع شفاء الحروق السطحية وتجديد الأنسجة,يُطبق طبقة رقيقة على المنطقة المتضررة مرتين يومياً,يجب استشارة الطبيب في حالة الحروق الشديدة أو العميقة
ديرمو-فرش,Dermofresh,يستخدم لتهدئة الحروق السطحية وتخفيف الألم الناجم عنها,يتم تطبيقه مباشرة على الحروق بعد تبريد المنطقة,لا يُستخدم في حالات الحروق من الدرجة الثالثة
ليدوكائين,Lidocaine,مخدر موضعي لتخفيف الألم الناتج عن الحروق أو الجروح السطحية,يتم رش أو تطبيقه مرتين يومياً حسب الحاجة,تجنب استخدامه على الجروح المفتوحة أو في حالات الحساسية للمخدرات
نيفرم,Nevarm,مرهم يستخدم في علاج الحروق السطحية ويساعد في تجديد الأنسجة,يُستخدم 3-4 مرات يومياً على الحروق السطحية,لا يجب استخدامه على الجروح المفتوحة أو الحروق الشديدة
بانثينول,Panthenol,مرهم يساعد في ترطيب الجلد المتضرر ويدعم شفاء الحروق,يتم استخدامه على الجلد المصاب مرتين يومياً,لا يُستخدم في حالة وجود حساسية للبانثينول
إريثروميسين,Erythromycin,مضاد حيوي موضعي يستخدم لعلاج الجروح العميقة أو العدوى البكتيرية,يتم وضعه على الجرح مرتين يومياً,يجب تجنب استخدامه في حالة الحساسية للمضادات الحيوية
ميترونيدازول,Metronidazole,مضاد للبكتيريا والفطريات يستخدم في الجروح العميقة,يتم تطبيقه على الجرح مرتين يومياً حسب الحاجة,قد يسبب تهيجاً في بعض الحالات
تيروسورين,Tyrasorine,مضاد للبكتيريا يُستخدم في الجروح العميقة لتقليل التلوث البكتيري,يتم استخدامه مرتين يومياً على الجروح العميقة,يجب تجنب الاستخدام في حالة وجود تفاعلات مع أدوية أخرى
شريط لاصق طبي,Sterile Surgical Tape,يتم استخدامه لإغلاق الجروح الكبيرة بعد العمليات الجراحية أو الجروح العميقة,يتم تطبيقه بعد تنظيف الجرح مباشرة,يجب التأكد من أن الجرح جاف قبل تطبيق الشريط
سيلفاديازين,Silver sulfadiazine,يستخدم لعلاج الجروح الكبيرة والحروق التي تحتاج إلى عناية مكثفة,يُوضع طبقة رقيقة على الجروح مرتين يومياً,يجب تجنب استخدامه في حالة وجود حساسية للفضة أو المركبات الكبريتية
جِل هيدروكورتيسون,Hydrocortisone Gel,يُستخدم لتقليل الالتهاب وتخفيف الألم بعد العمليات الجراحية,يتم تطبيقه بشكل موضعي على الجروح 2-3 مرات يومياً,يجب تجنب الاستخدام المطول على الجروح المفتوحة
بانديد,Band-Aid,لاصق طبي يستخدم لتغطية الجروح بعد العمليات الجراحية أو الجروح السطحية,يتم تطبيقه مباشرة بعد تنظيف الجرح,يجب تغيير اللاصق يومياً أو عندما يصبح مبللاً
ديكساميثازون,Dexamethasone,كريم مضاد للالتهاب يستخدم بعد العمليات الجراحية للتقليل من التورم,يُستخدم مرتين إلى ثلاث مرات يومياً,يجب تجنب الاستخدام الطويل دون استشارة الطبيب
Hydrocolloid Dressing,Hydrocolloid,يُستخدم لعلاج التقرحات السريرية والقرح الناتجة عن الضغط لفترات طويلة,يتم تطبيقه مباشرة على الجرح المزمن,يجب استخدامه فقط على الجروح السطحية
تريامسينولون,Triamcinolone,كريم مضاد للالتهابات يستخدم لعلاج التقرحات الجلدية المزمنة,يتم استخدامه مرة يومياً على الجرح المزمن,يجب عدم استخدامه على الجروح المصابة
غسول بوفيدون اليود,Povidone-Iodine Solution,غسول يستخدم لتطهير الجروح الكبيرة أو التقرحات المزمنة,يتم استخدامه بشكل موضعي على الجرح مرتين يومياً,يجب تجنب استخدامه في حالة الحساسية لليود
فيتامين E,Vitamin E,يساعد في تقليل الندوب وتسريع شفاء الجروح,يُستخدم على الجرح بشكل موضعي مرة يومياً,يجب التأكد من عدم وجود حساسية للفيتامين
زيت شجرة الشاي,Tea Tree Oil,يحتوي على خصائص مضادة للبكتيريا ويساعد في علاج الجروح السطحية,يتم تطبيقه على الجرح بشكل موضعي مرة إلى مرتين يومياً,يجب التأكد من عدم وجود حساسية لزيت شجرة الشاي
جل هيالورونيك,Hyaluronic acid,يُستخدم لزيادة سرعة شفاء الجروح ويحسن تجديد الأنسجة,يتم تطبيقه على الجرح مرتين يومياً,قد يسبب تفاعلات مع بعض الأدوية
بيتا-غلوكان,Beta-glucan,يحفز جهاز المناعة ويسرع شفاء الجروح المزمنة,يتم تطبيقه على الجروح المزمنة مرة يومياً,يجب تجنب استخدامه في حالات الحساسية للمكونات
الكالسيوم وفيتامين D,Calcium & Vitamin D,يساعد في تقوية العظام ودعم صحة المفاصل,جرعة يومية حسب التوصية الطبية,يجب استشارة الطبيب قبل الاستخدام إذا كنت تعاني من مشاكل في الكلى أو في حالة الحمل
الجلوكوزامين,Glucosamine,يساعد في تقليل الألم وتحسين حركة المفاصل ودعم صحة الغضاريف,500mg ثلاث مرات يومياً,قد يسبب اضطراباً في المعدة في بعض الحالات- يجب استشارة الطبيب إذا كنت تعاني من حساسية للمحار
الكوندرويتين,Chondroitin,يدعم صحة الغضاريف في المفاصل ويقلل من الألم الناتج عن التهاب المفاصل,200mg مرتين يومياً,يجب استخدامه بحذر في حالة الحساسية للمكونات البحرية
MSM,Methylsulfonylmethane,يساعد في تقليل التهاب المفاصل وتحسين صحة الغضاريف,1000mg مرتين يومياً,قد يسبب آثاراً جانبية في الجهاز الهضمي في بعض الحالات
كولشيسين,Colchicine,يستخدم في علاج نوبات النقرس الحادة عن طريق تقليل الالتهاب والألم المصاحب له,يتم تحديد الجرعة وفقاً لشدة النوبة,يجب تجنب الاستخدام طويل المدى أو الجرعات الكبيرة لتقليل الآثار الجانبية
ألوبيورينول,Allopurinol,يُستخدم للحد من مستويات حمض اليوريك في الدم ويمنع نوبات النقرس المستقبلية,100mg إلى 300mg يومياً حسب التوصية الطبية,يجب تجنب استخدامه أثناء حدوث نوبة نقرس حادة. قد يسبب طفح جلدي في بعض الحالات
فبوكسوستات,Febuxostat,يخفض مستويات حمض اليوريك في الدم ويمنع نوبات النقرس المستقبلية,40mg إلى 80mg يومياً حسب التوصية الطبية,يجب مراقبة وظائف الكبد بانتظام أثناء العلاج
البيسفوسفونات,Alendronate, Risedronate, Ibandronate,تُستخدم لتقوية العظام وعلاج هشاشة العظام- حيث تمنع فقدان العظام,70mg مرة أسبوعياً,يجب تجنب الاستخدام في حالة وجود مشاكل في المريء أو المعدة
رينوكسيد,Calcium & Vitamin D,يعزز من صحة العظام والمفاصل,قرص يومياً,يجب استخدامه بحذر في حالة وجود حصوات في الكلى
فيتامين K2,Vitamin K2,يساعد في تنظيم الكالسيوم في الجسم ويعزز من قوة العظام,90mcg يومياً,يجب استشارة الطبيب في حالة استخدام أدوية مضادة للتجلط
بروبنسيد,Probenecid,يُستخدم لتحفيز الكلى لإزالة حمض اليوريك من الدم ويقلل من نوبات النقرس,500mg يومياً,يجب استخدامه بحذر في المرضى الذين يعانون من مشاكل في الكلى
توفاسيتينيب,Tofacitinib,يُستخدم في علاج التهاب المفاصل النقرسي عن طريق تثبيط بعض الإنزيمات المشاركة في الالتهاب,5mg مرتين يومياً,يجب تجنب استخدامه في الأشخاص الذين لديهم تاريخ من العدوى
بيكوراتين,Becoratene,علاج مكمل يستخدم لتحسين صحة المفاصل والحد من الألم الناتج عن النقرس,يتم تحديد الجرعة بناءً على استشارة الطبيب,قد يسبب ردود فعل تحسسية لدى بعض الأشخاص
إنالابريل,Enalapril,يستخدم لعلاج ارتفاع ضغط الدم وفشل القلب,5mg-40mg يومياً حسب التوجيه الطبي,يمكن أن يسبب دوخة أو نقص في ضغط الدم في بعض الحالات
ميتوبرولول,Metoprolol,يستخدم في علاج ارتفاع ضغط الدم وفشل القلب,25mg-100mg يومياً حسب التوجيه الطبي,يجب تجنب التوقف المفاجئ عن الدواء
هيدروكلوروثيازيد,Hydrochlorothiazide,يستخدم كمدر للبول في حالات ارتفاع ضغط الدم وفشل القلب,25mg-50mg يومياً حسب التوجيه الطبي,يمكن أن يسبب نقص البوتاسيوم في الدم
سالبوتامول,Salbutamol,موسع للشعب الهوائية في حالات الربو والحساسية,100-200mcg عند الحاجة,يجب عدم الإفراط في استخدامه
الميتفورمين,Metformin,يستخدم في علاج مرض السكري من النوع الثاني,500mg-2000mg يومياً حسب التوجيه الطبي,يمكن أن يسبب اضطراب في المعدة
فالبروات الصوديوم,Valproate,يستخدم في علاج الصرع والحالات العصبية,10mg-15mg لكل كيلوجرام من الوزن,يجب مراقبة مستويات الدم بانتظام
ميثوتريكسات,Methotrexate,يستخدم في علاج التهاب المفاصل الروماتويدي,7.5mg-25mg أسبوعياً حسب التوجيه الطبي,يجب مراقبة وظيفة الكبد بانتظام
الأملوديبين,Amlodipine,يستخدم لخفض ضغط الدم وعلاج الذبحة الصدرية,5-10 ملجم يومياً,يجب استشارة الطبيب إذا كان هناك تاريخ من أمراض القلب أو الكبد
اللوزارتان,Losartan,يستخدم لخفض ضغط الدم وعلاج أمراض القلب,50-100 ملجم يومياً,قد يسبب دوخة في بداية العلاج
الكلورثاليدون,Chlorthalidone,مدر للبول يستخدم في علاج ارتفاع ضغط الدم,12.5-25 ملجم يومياً,يجب مراقبة مستويات البوتاسيوم في الدم
إكسيناتيد,Exenatide,يستخدم لخفض مستوى السكر في الدم,5-10 ميكروغرام مرتين يومياً,يمكن أن يسبب غثيان في بعض الحالات
سيتاجليبتين,Sitagliptin,يستخدم لتحسين التحكم في مستوى السكر في الدم,100 ملجم يومياً,يمكن أن يسبب دوار وصداع
بريدويسولون,Prednisolone,يستخدم لتقليل الالتهابات في حالات الربو والذئبة,5-40 ملجم يومياً حسب الحاجة,يجب استخدامه بحذر لتجنب الآثار الجانبية للأدوية الستيرويدية
سالميترول,Salmeterol,موسع للشعب الهوائية طويل المدى يستخدم في علاج الربو,50 ميكروغرام مرتين يومياً,يجب تجنب الإفراط في الاستخدام
فوروسيميد,Furosemide,مدر للبول يستخدم في علاج قصور القلب الاحتقاني وارتفاع ضغط الدم,20-80 ملجم يومياً,يجب مراقبة مستويات البوتاسيوم والوظائف الكلوية
كارفيدلول,Carvedilol,حاصرات بيتا تُستخدم لعلاج ارتفاع ضغط الدم وفشل القلب,6.25-25 ملجم يومياً,يجب تجنب التوقف المفاجئ عن تناوله
غليبيزيد,Glyburide,من فئة السلفونيل يوريا- يُستخدم لخفض مستوى السكر في الدم لدى مرضى السكري من النوع الثاني,2.5-10 ملجم يومياً,قد يسبب انخفاضًا حادًا في مستوى السكر في الدم
داباجليفلوزين,Dapagliflozin,مثبطات SGLT2 تُستخدم في علاج السكري من النوع الثاني,5-10 ملجم يومياً,قد يزيد من خطر الإصابة بالتهاب المسالك البولية
بوديزونيد,Budesonide,كورتيكوستيرويد يُستخدم في علاج التهاب الربو,200-800 ميكروغرام مرتين يومياً,يجب تجنب الإفراط في الاستخدام لتفادي الآثار الجانبية
تيوفيلين,Theophylline,موسع للشعب الهوائية يُستخدم في علاج الربو ومرض الانسداد الرئوي المزمن,200-400 ملجم يومياً,يجب مراقبة مستويات الدواء في الدم لتجنب التسمم
كلوفازيمين,Clofazimine,يُستخدم في علاج الالتهابات الجلدية وحالات مثل التهاب المفاصل الروماتويدي,100-300 ملجم يومياً,قد يسبب تغيرات في لون الجلد
توسيليزوماب,Tocilizumab,دواء بيولوجي يُستخدم في علاج التهاب المفاصل الروماتويدي والذئبة,يُعطى عن طريق الحقن كل أسبوعين,يجب مراقبة العدوى والأعراض الجانبية المتعلقة بالجهاز المناعي
أداليموماب,Adalimumab,دواء بيولوجي يُستخدم لعلاج التهاب المفاصل الروماتويدي وأمراض المناعة الذاتية الأخرى,يُعطى عن طريق الحقن مرة كل أسبوعين,يجب تجنب التعرض للعدوى أثناء العلاج
إريثروبويتين,Erythropoietin,يُستخدم لتحفيز إنتاج خلايا الدم الحمراء في حالات فشل الكلى المزمن,يتم تحديد الجرعة بناءً على مستوى الهيموغلوبين,يجب مراقبة مستوى الهيموغلوبين بانتظام
كاناجليفلوزين,Canagliflozin,يُستخدم في علاج مرض السكري من النوع الثاني ويعمل على تحسين وظائف الكلى,100-300 ملجم يومياً,يجب مراقبة وظائف الكلى ومستوى السكر في الدم
إنترفيرون ألفا,Interferon Alpha,يستخدم لعلاج التهاب الكبد الفيروسي من النوع B و C,يتم تحديد الجرعة بناءً على نوع العدوى,قد يسبب آثارًا جانبية مثل الحمى- والتعب- والاكتئاب
ريبافيرين,Ribavirin,يُستخدم مع الأدوية الأخرى مثل الإنترفيرون لعلاج التهاب الكبد الفيروسي من النوع C,200-400 ملجم مرتين يومياً,قد يسبب فقر الدم ويحتاج إلى مراقبة مستمرة
لاميفودين,Lamivudine,يُستخدم في علاج التهاب الكبد الفيروسي B,100 ملجم يومياً,يمكن أن يسبب مقاومة للفيروس إذا تم استخدامه لفترة طويلة
تيليبرفير,Telaprevir,يستخدم في علاج التهاب الكبد الفيروسي C- وغالبًا ما يُستخدم مع أدوية أخرى,750 ملجم كل 8 ساعات,يمكن أن يسبب تفاعلات دوائية مع أدوية أخرى
بريدنيزون,Prednisone,كورتيكوستيرويد يُستخدم للحد من الالتهابات في حالة التهاب الكبد المناعي الذاتي,5-40 ملجم يومياً حسب الحاجة,يجب مراقبة الآثار الجانبية مثل احتباس السوائل وارتفاع ضغط الدم
أزاثيوبرين,Azathioprine,يُستخدم لتثبيط جهاز المناعة في حالات التهاب الكبد المناعي الذاتي,50-150 ملجم يومياً,يمكن أن يسبب قمع الجهاز المناعي وزيادة خطر العدوى
أوميبرازول,Omeprazole,مثبط مضخة البروتون يُستخدم لعلاج ارتجاع المريء والتقرحات المعدية,20-40 ملجم يومياً,يجب تجنب الاستخدام طويل الأمد لتجنب نقص المغنيسيوم
لانسوبرازول,Lansoprazole,مثبط مضخة البروتون يُستخدم لعلاج ارتجاع المريء وقرحة المعدة,15-30 ملجم يومياً,قد يزيد من خطر الإصابة بعدوى في الجهاز الهضمي
رانتيدين,Ranitidine,مضاد للهستامين من الجيل الثاني- يُستخدم في علاج ارتجاع المريء,150 ملجم مرتين يومياً,يمكن أن يتداخل مع بعض الأدوية الأخرى
أمبيسيلين,Ampicillin,مضاد حيوي يستخدم لعلاج العدوى الميكروبية التي قد تسبب التهابات في المريء,250-500 ملجم 3-4 مرات يومياً,يجب مراقبة الحساسية للأدوية
مميعات الدم,Aspirin/Heparin,يستخدم في حالات التشوهات التي تتسبب في جلطات دموية أو تهيج في المريء,يتم تحديد الجرعة بناءً على الحالة,يجب مراقبة مستويات الدم بشكل دوري لتجنب حدوث نزيف
لقاح فايزر - Pfizer-BioNTech,BNT162b2,يستخدم للوقاية من فيروس كورونا - كوفيد-19,جرعتين- تفصل بينهما 3 أسابيع- مع جرعة معززة بعد 6 أشهر,قد يسبب أعراض جانبية مثل الحمى أو التعب بعد الجرعة الأولى
لقاح موديرنا - Moderna,mRNA-1273,يستخدم للوقاية من فيروس كورونا - كوفيد-19,جرعتين- تفصل بينهما 4 أسابيع- مع جرعة معززة بعد 6 أشهر,قد يسبب ألمًا في مكان الحقن أو صداع بعد الجرعة الأولى
لقاح أسترازينيكا - AstraZeneca,AZD1222,يستخدم للوقاية من فيروس كورونا - كوفيد-19,جرعتين- تفصل بينهما 4-12 أسابيع- مع جرعة معززة بعد 6 أشهر,يجب مراقبة الأعراض الجانبية مثل الحمى أو آلام في العضلات بعد الحقن
لقاح جونسون آند جونسون - Johnson & Johnson,Janssen,يستخدم للوقاية من فيروس كورونا - كوفيد-19,جرعة واحدة مع جرعة معززة بعد 6 أشهر,قد يسبب أعراض جانبية خفيفة مثل الاحمرار في مكان الحقن أو صداع
لقاح سينوفارم - Sinopharm,BBIBP-CorV,يستخدم للوقاية من فيروس كورونا - كوفيد-19,جرعتين- تفصل بينهما 3 أسابيع,يجب استشارة الطبيب في حال وجود تاريخ من الحساسية
لقاح سينوفاك - Sinovac,CoronaVac,يستخدم للوقاية من فيروس كورونا - كوفيد-19,جرعتين- تفصل بينهما 3-4 أسابيع,قد يسبب ارتفاعًا طفيفًا في درجة الحرارة أو ألم في العضلات
لقاح سبوتنيك V - Sputnik V,Gam-COVID-Vac,يستخدم للوقاية من فيروس كورونا - كوفيد-19,جرعتين- تفصل بينهما 3 أسابيع,ينبغي متابعة الأعراض الجانبية مثل التعب أو الصداع بعد الجرعة الأولى
هيلوريتن,نعناع,أقراص استحلاب تحتوي على النعناع لتخفيف ألم الحلق,أخذ قرص كل 4 ساعات,تجنب الاستخدام المتكرر للمرضى الذين يعانون من حساسية
فلكسونيز,فلوتيكازون,بخاخ مضاد للالتهاب,رش مرتين يومياً في كل فتحة أنف,تجنب الاستخدام المستمر دون استشارة طبية
أموكسيسيلين,Amoxicillin,مضاد حيوي لعلاج الالتهابات البكتيرية,500 مجم كل 8 ساعات,يُمنع استخدامه في حالات الحساسية للبنسلين
باراسيتامول,Paracetamol,مسكن للألم وخافض للحرارة,500-1000 مجم كل 6 ساعات حسب الحاجة,لا تتجاوز الجرعة اليومية الموصى بها لتجنب تسمم الكبد
إيبوبروفين,Ibuprofen,مضاد التهاب غير ستيرويدي لتسكين الألم وتقليل الالتهاب,200-400 مجم كل 6 ساعات,يُمنع في مرضى القرحة المعدية الحادة
ديكلوفيناك,Diclofenac,مسكن ومضاد التهاب,50 مجم مرتين يوميًا,يُمنع استخدامه في حالات الربو الحاد
سيتريزين,Cetirizine,مضاد هيستامين لعلاج الحساسية,10 مجم مرة واحدة يوميًا,قد يسبب النعاس- تجنب القيادة بعد تناوله
لوراتادين,Loratadine,مضاد للحساسية,10 مجم يوميًا,تجنب الاستخدام مع الكحول لتفادي الخمول
رانيتيدين,Ranitidine,علاج الحموضة والارتجاع المعدي,150 مجم مرتين يوميًا,تم سحبه من الأسواق بسبب مخاوف تتعلق بالسلامة
ميتفورمين,Metformin,علاج مرض السكري النوع الثاني,500-1000 مجم مرتين يوميًا مع الطعام,يجب مراقبة وظائف الكلى أثناء الاستخدام
جلوكوفاج,Metformin,منظم لسكر الدم,500 مجم مرتين يوميًا,قد يسبب اضطرابات معوية
الأنسولين,Insulin,هرمون للتحكم في نسبة السكر بالدم,حسب توجيهات الطبيب,يُحفظ في الثلاجة
فالسارتان,Valsartan,علاج ارتفاع ضغط الدم,80-160 مجم يوميًا,يُمنع أثناء الحمل
أملوديبين,Amlodipine,موسع للأوعية لعلاج ضغط الدم,5-10 مجم يوميًا,قد يسبب تورم القدمين
أتورفاستاتين,Atorvastatin,خفض الكوليسترول في الدم,10-80 مجم يوميًا,يُمنع في مرضى الكبد
سيمفاستاتين,Simvastatin,علاج ارتفاع الدهون في الدم,20-40 مجم يوميًا,تجنب تناول الجريب فروت معه
وارفارين,Warfarin,مضاد لتخثر الدم,حسب توجيهات الطبيب,يجب مراقبة تحليل INR بشكل دوري
كلوبيدوجريل,Clopidogrel,مضاد للصفائح الدموية,75 مجم يوميًا,تجنب الاستخدام مع الأسبرين دون استشارة طبية
أسبيرين,Aspirin,مسكن ومضاد تخثر,81-325 مجم يوميًا,يُمنع في الأطفال لتجنب متلازمة راي
سالبيوتامول,Salbutamol,موسع للشعب الهوائية لعلاج الربو,بخاخ حسب الحاجة,قد يسبب خفقان القلب عند بعض المرضى
سيريتايد,Salmeterol + Fluticasone,بخاخ موسع للشعب الهوائية ومضاد للالتهاب,بختين مرتين يوميًا,يجب غسل الفم بعد الاستخدام لتجنب الفطريات
هيدروكورتيزون,Hydrocortisone,كورتيزون موضعي لعلاج التهابات الجلد,يُدهن مرتين يوميًا,يجب تجنب الاستخدام المطول
ديازيبام,Diazepam,مهدئ لعلاج القلق والتشنجات,2-10 مجم ثلاث مرات يوميًا,يُمنع في مرضى الاكتئاب الحاد
ألبرازولام,Alprazolam,مهدئ لعلاج القلق,0.25-0.5 مجم مرتين يوميًا,يُمنع تناوله مع الكحول
سيرترالين,Sertraline,مضاد اكتئاب,50-100 مجم يوميًا,يُستخدم بحذر في مرضى الصرع
باروكستين,Paroxetine,مضاد اكتئاب,20-40 مجم يوميًا,قد يسبب زيادة في الوزن
فينلافاكسين,Venlafaxine,علاج الاكتئاب والقلق,75-150 مجم يوميًا,يُستخدم بحذر مع مرضى ارتفاع ضغط الدم
أميتريبتيلين,Amitriptyline,مضاد اكتئاب ثلاثي الحلقات,25-75 مجم ليلاً,قد يسبب جفاف الفم وزيادة الوزن
جابابنتين,Gabapentin,علاج آلام الأعصاب,300-900 مجم يوميًا,يُستخدم بحذر في مرضى الكلى
بريجابالين,Pregabalin,علاج آلام الأعصاب والصرع,150-600 مجم يوميًا,قد يسبب الدوار والنعاس
ليفيتيراسيتام,Levetiracetam,علاج الصرع,500-1500 مجم يوميًا,يجب مراقبة تغيرات المزاج خلال الاستخدام
توبيراميت,Topiramate,علاج الصرع والصداع النصفي,50-200 مجم يوميًا,قد يسبب فقدان الوزن والتعب
لورازيبام,Lorazepam,مهدئ ومنوم,1-2 مجم قبل النوم,يُستخدم بحذر في كبار السن
Zolgensma,Onasemnogene abeparvovec,يستخدم لعلاج ضمور العضلات الشوكي - SMA لدى الأطفال دون سن السنتين,جرعة واحدة حسب الوزن,يجب استشارة الطبيب قبل العلاج إذا كان الطفل يعاني من أي مشاكل في الكبد
Luxturna,Voretigene neparvovec,يستخدم لعلاج العمى الوراثي بسبب طفرات في جين RPE65,جرعة واحدة في العين لكل عين,قد يسبب التهابًا في العين أو ردود فعل تحسسية
Kymriah,Tisagenlecleucel,يستخدم لعلاج سرطان الدم الليمفاوي الحاد وسرطان الغدد الليمفاوية,جرعة واحدة عبر الوريد,يجب مراقبة الأعراض الجانبية مثل الحمى وأعراض متلازمة تسرب الشعيرات
Soliris,Eculizumab,يستخدم لعلاج أمراض المناعة الذاتية مثل البروجينيا والتصلب الجانبي الضموري,حقن أسبوعية أو شهرية حسب الحالة,قد يسبب مشاكل في الجهاز التنفسي أو ضعف المناعة
Brineura,Cerliponase alfa,يستخدم لعلاج مرض النخاع العصبي - CLN2 عند الأطفال,حقن مباشرة في السائل الدماغي الشوكي كل أسبوعين,يجب مراقبة الآثار الجانبية مثل التورم أو الحمى بعد الحقن
Hemgenix,Etranacogene dezaparvovec,يستخدم لعلاج نزيف الدم الوراثي - الهيموفيليا في البالغين,جرعة واحدة عبر الوريد,يجب تجنب الاستخدام في الأشخاص الذين يعانون من مشاكل في الكبد
Mepsevii,Vestronidase alfa,يستخدم لعلاج مرض لينسل النادر,حقن تحت الجلد كل أسبوعين,قد يسبب ردود فعل تحسسية أو أعراض في الجهاز الهضمي
سنسوداين,نترات البوتاسيوم,يستخدم للأسنان الحساسة,فرشاة أسنان مرتين يوميًا,لا يُستخدم من قبل الأشخاص الذين لديهم حساسية من الفلورايد
كولجيت توتال,فلورايد الصوديوم,يحمي من التسوس والبكتيريا والتهاب اللثة,فرشاة أسنان مرتين يوميًا,يجب تجنب بلعه في حالة الأطفال دون 6 سنوات
أورال-بي 3D وايت,هيدروكسيد الألومنيوم,يساعد في تبييض الأسنان وإزالة البقع السطحية,فرشاة أسنان مرتين يوميًا,لا يُستخدم مع الأسنان الحساسة لفترات طويلة
بارودونتكس,فوسفات الكالسيوم,يعالج التهابات اللثة ويحسن صحة اللثة,فرشاة أسنان مرتين يوميًا,قد يسبب تهيجًا في الفم في حالات الاستخدام المفرط
ليسترين,كحول الإيثانول,يقتل البكتيريا ويعالج رائحة الفم الكريهة,غسول فم مرتين يوميًا,يجب عدم بلعه وتجنب استخدامه للأطفال تحت 6 سنوات
كريست 3D وايت,بيروكسيد الهيدروجين,يساعد في تبييض الأسنان وتقليل البقع,فرشاة أسنان مرتين يوميًا,يمكن أن يؤدي إلى حساسية الأسنان إذا استخدم لفترات طويلة
أوسكال,كربونات الكالسيوم,مكمل غذائي لتقوية الأسنان والعظام,قرص واحد يوميًا,قد يسبب مشاكل في المعدة عند استخدامه بجرعات عالية
نيتشر ميد فيتامين D3,فيتامين D3,يُحسن امتصاص الكالسيوم ويساعد في تقوية الأسنان والعظام,قرص واحد يوميًا,قد يسبب فرط الكالسيوم إذا تم تناوله بكميات كبيرة
سولجار فيتامين D3,فيتامين D3,يُحسن امتصاص الكالسيوم ويدعم صحة الأسنان والعظام,قرص واحد يوميًا,يجب استشارة الطبيب في حال وجود مشاكل صحية بالكلى أو القلب
كلورهكسيدين جل,كلورهكسيدين,يقلل من التهاب اللثة ويعزز صحة الفم,تطبيقه على اللثة مرتين يوميًا,يجب تجنب استخدامه لفترات طويلة دون استشارة الطبيب
سيبرو دكس,سيبروفلوكساسين + ديكساميثازون,يستخدم لعلاج التهابات الأذن الخارجية والداخلية,قطرتين في الأذن مرتين يوميًا,لا يُستخدم في حالة وجود ثقب في طبلة الأذن
أوتيباكس,فينازون + جليسرول,يخفف الألم والتورم في الأذن بسبب التهابات الأذن,قطرتين في الأذن مرتين يوميًا,لا يُستخدم إذا كان هناك ثقب في طبلة الأذن
كلاريثروميسين,كلاريثروميسين,مضاد حيوي لعلاج التهابات الحلق واللوزتين التي تسببها بكتيريا مقاومة للبنسلين,500 ملغ كل 12 ساعة لمدة 7 أيام,قد يسبب تفاعلات مع أدوية أخرى مثل أدوية القلب
بريدنيزولون,بريدنيزولون,مضاد التهاب يستخدم لعلاج التهاب الحنجرة الحاد والمزمن,قرص 5 ملغ يوميًا,يجب عدم استخدامه لفترات طويلة دون إشراف طبي
ستربسيلس,ديكلورابين أو أميلوفين,أقراص مص لتخفيف التهاب الحلق,قرص واحد كل 2-3 ساعات,قد يسبب تهيجًا في الفم عند الإفراط في الاستخدام
سيبتوليت,كلورهيكسيدين + منثول,أقراص مص لتخفيف التهاب الحلق واللوزتين,قرص واحد كل 2-3 ساعات,يجب تجنب الإفراط في الاستخدام لتجنب التهيج
أوسلتاميفير,أوسلتاميفير,مضاد فيروسي يستخدم لتقليل مدة أعراض الإنفلونزا التي تشمل التهاب الحنجرة,كبسولة 75 ملغ مرتين يوميًا لمدة 5 أيام,يجب أن يُستخدم في بداية ظهور الأعراض
أمبروكسول,أمبروكسول,مقشع يساعد في تخفيف البلغم وتحسين التنفس في حالة التهاب الحنجرة,10 مل 3 مرات يوميًا,يجب تجنب الإفراط في استخدامه في حالات مرضى الكبد
سودوافيدرين,سودوافيدرين,مزيل احتقان يستخدم لتخفيف احتقان الأنف المصاحب لالتهاب الحنجرة,30 ملغ كل 4-6 ساعات,يجب الحذر في حالات مرضى القلب أو ارتفاع ضغط الدم
ليفوثيروكسين,ليفوثيروكسين,علاج قصور الغدة الدرقية - Hypothyroidism حيث تعاني الغدة الدرقية من انخفاض في إنتاج هرمون الغدة الدرقية,تبدأ الجرعة بـ 25-50 ميكروغرام وتزداد تدريجيًا حسب الحاجة,يجب مراقبة مستويات هرمونات الغدة الدرقية في الدم بانتظام
ميثيمازول,ميثيمازول,"علاج فرط نشاط الغدة الدرقية - Hyperthyroidism مثل مرض ""جريفز""",الجرعة الأولية تتراوح بين 5-20 ملغ يوميًا,قد يسبب انخفاض في خلايا الدم البيضاء- لذا يجب إجراء اختبارات الدم بشكل دوري
بوتاسيوم يوديد,يوديد البوتاسيوم,يستخدم للتحكم في أعراض فرط نشاط الغدة الدرقية- وكذلك بعد علاج اليود المشع,130 ملغ يوميًا- حسب توصية الطبيب,لا يُنصح باستخدامه في حالة وجود مشاكل في القلب
بروموكريبتين,بروموكريبتين,يستخدم لعلاج فرط إفراز البرولاكتين أو مشاكل مثل الأورام النخامية المنتجة للبرولاكتين,تبدأ الجرعة بـ 1.25 ملغ يوميًا وتزداد تدريجيًا,قد يسبب انخفاض ضغط الدم- لذا يجب مراقبة الضغط بانتظام
لينوتروبون,لينوتروبون,يستخدم في علاج مشاكل الغدة النخامية مثل العقم أو اضطرابات الهرمونات الجنسية,يتم تحديد الجرعة حسب الحالة الصحية ووفقًا لتوصيات الطبيب,لا يُنصح باستخدامه في حالات الحمل أو الرضاعة
فلودروكورتيزون,فلودروكورتيزون,يستخدم لعلاج مرض أديسون- يساعد في الحفاظ على توازن الماء والأملاح في الجسم,عادة ما يتم تناول 0.1 ملغ يوميًا,يجب مراقبة ضغط الدم ومستويات الصوديوم والبوتاسيوم في الدم
إنسولين,إنسولين,يستخدم لعلاج مرض السكري من النوع 1 والنوع 2 لتنظيم مستويات السكر في الدم,تختلف الجرعة حسب حاجة المريض ومستوى السكر في الدم,يجب مراقبة مستويات السكر بشكل منتظم لتجنب هبوط السكر في الدم
غليميبيريد,غليميبيريد,دواء يستخدم لتنظيم مستويات السكر في الدم لدى مرضى السكري من النوع 2,1-2 ملغ يوميًا,يمكن أن يسبب انخفاضًا مفاجئًا في مستوى السكر في الدم
ميتفورمين,ميتفورمين,يستخدم لعلاج السكري من النوع 2 عن طريق تحسين استجابة الجسم للأنسولين,تبدأ الجرعة بـ 500 ملغ يوميًا وقد تزيد حسب الحاجة,يمكن أن يسبب مشاكل في المعدة أو حموضة الدم في حالات نادرة
بيساكوديل,بيساكوديل,يستخدم لتحفيز حركة الأمعاء في حالات الإمساك الحاد,5-15 ملغ يوميًا,لا يُنصح باستخدامه لفترات طويلة
سينا,سينا,يستخدم كملين للأمعاء لعلاج الإمساك المزمن,15-30 ملغ في المساء,قد يسبب تشنجات في البطن إذا تم استخدامه بشكل مفرط
لاكتولوز,لاكتولوز,يستخدم لعلاج الإمساك المزمن ويعمل عن طريق زيادة كمية الماء في الأمعاء,15-30 مل يوميًا,قد يسبب غازات وانتفاخات في البطن
فايبرام,فيبرام - Psyllium,ألياف غذائية تستخدم لعلاج الإمساك عن طريق زيادة حجم البراز,1-2 ملعقة يوميًا,يجب تناول كمية كبيرة من الماء مع هذا الدواء
دوساتين,دوساتين,يستخدم لتليين البراز وتسهيل مروره,50-400 ملغ يوميًا,يمكن أن يؤدي إلى مشكلات في المعدة مثل الغازات
موبيكول,بولى إيثيلين جلايكول,ملين يستخدم لزيادة الحركة المعوية وتقليل الإمساك,1-2 كيس يوميًا,قد يسبب غثيانًا أو قيئًا في بعض الحالات
لوبراميد,لوبراميد,يستخدم لعلاج الإسهال الحاد والمزمن,2 ملغ بعد كل مرة إسهال- ثم 1 ملغ بعد ذلك,يجب تجنب استخدامه إذا كان الإسهال مصحوبًا بحمى أو دم في البراز
إيموديوم,إيموديوم,يعالج الإسهال ويقلل من عدد مرات التبرز,4 ملغ في البداية ثم 2 ملغ بعد كل حركة معوية مفرطة,لا يُنصح به للأشخاص الذين يعانون من التهاب الأمعاء
كربون فعال,كربون نشط,يستخدم لامتصاص السموم في الجهاز الهضمي وعلاج الإسهال,1-2 جرام كل 4-6 ساعات حسب الحاجة,قد يسبب امتصاص بعض الأدوية الأخرى- لذا يجب تناوله بعيدًا عن الأدوية الأخرى
سلفازالازين,سلفازالازين,يستخدم لعلاج الإسهال الناتج عن التهاب القولون التقرحي أو الأمراض المعوية,500 ملغ إلى 1 جرام يوميًا,يمكن أن يسبب مشاكل في الجهاز الهضمي
أوفيرسيد,أوكتريوتيد,يستخدم لعلاج الإسهال المزمن الناجم عن أمراض معينة مثل الأورام,يعتمد على حالة المريض,يجب مراقبة مستويات السكر في الدم
بروبيوتيك,Lactobacillus, Bifidobacterium,يساعد في استعادة التوازن الطبيعي للبكتيريا في الأمعاء وعلاج الإسهال,يتم تناولها عادة في شكل كبسولات أو مسحوق,قد يسبب انتفاخات وغازات في بعض الحالات
بيساكوديل,بيساكوديل,يستخدم لتحفيز حركة الأمعاء في حالات الإمساك الحاد,5-15 ملغ يوميًا,لا يُنصح باستخدامه لفترات طويلة
سينا,سينا,يستخدم كملين للأمعاء لعلاج الإمساك المزمن,15-30 ملغ في المساء,قد يسبب تشنجات في البطن إذا تم استخدامه بشكل مفرط
لاكتولوز,لاكتولوز,يستخدم لعلاج الإمساك المزمن ويعمل عن طريق زيادة كمية الماء في الأمعاء,15-30 مل يوميًا,قد يسبب غازات وانتفاخات في البطن
فايبرام,فيبرام - Psyllium,ألياف غذائية تستخدم لعلاج الإمساك عن طريق زيادة حجم البراز,1-2 ملعقة يوميًا,يجب تناول كمية كبيرة من الماء مع هذا الدواء
دوساتين,دوساتين,يستخدم لتليين البراز وتسهيل مروره,50-400 ملغ يوميًا,يمكن أن يؤدي إلى مشكلات في المعدة مثل الغازات
موبيكول,بولى إيثيلين جلايكول,ملين يستخدم لزيادة الحركة المعوية وتقليل الإمساك,1-2 كيس يوميًا,قد يسبب غثيانًا أو قيئًا في بعض الحالات
لوبراميد,لوبراميد,يستخدم لعلاج الإسهال الحاد والمزمن,2 ملغ بعد كل مرة إسهال- ثم 1 ملغ بعد ذلك,يجب تجنب استخدامه إذا كان الإسهال مصحوبًا بحمى أو دم في البراز
إيموديوم,إيموديوم,يعالج الإسهال ويقلل من عدد مرات التبرز,4 ملغ في البداية ثم 2 ملغ بعد كل حركة معوية مفرطة,لا يُنصح به للأشخاص الذين يعانون من التهاب الأمعاء
كربون فعال,كربون نشط,يستخدم لامتصاص السموم في الجهاز الهضمي وعلاج الإسهال,1-2 جرام كل 4-6 ساعات حسب الحاجة,قد يسبب امتصاص بعض الأدوية الأخرى- لذا يجب تناوله بعيدًا عن الأدوية الأخرى
سلفازالازين,سلفازالازين,يستخدم لعلاج الإسهال الناتج عن التهاب القولون التقرحي أو الأمراض المعوية,500 ملغ إلى 1 جرام يوميًا,يمكن أن يسبب مشاكل في الجهاز الهضمي
أوفيرسيد,أوكتريوتيد,يستخدم لعلاج الإسهال المزمن الناجم عن أمراض معينة مثل الأورام,يعتمد على حالة المريض,يجب مراقبة مستويات السكر في الدم
بروبيوتيك,Lactobacillus, Bifidobacterium,يساعد في استعادة التوازن الطبيعي للبكتيريا في الأمعاء وعلاج الإسهال,يتم تناولها عادة في شكل كبسولات أو مسحوق,قد يسبب انتفاخات وغازات في بعض الحالات
